date,interest_income,interest_expense,average_earning_assets,net_income,total_assets,shareholder_equity,operating_expenses,operating_income,market_share,stock_price,net_interest_income,net_interest_margin,return_on_assets,return_on_equity,cost_to_income_ratio
2022-01-03,2121958.0,773237.0,55001045.0,1572212.0,95404302.0,23496605.0,811672.0,3494178.0,24.0,128.0,1348721.0,2.4521734087052343,1.6479466512946135,6.691230499044436,23.229269
2022-01-04,2671155.0,518070.0,54463418.0,1336326.0,86440010.0,24948600.0,1030817.0,3231496.0,20.0,63.0,2153085.0,3.953268228593365,1.545957711018312,5.356316586902672,31.899065
2022-01-05,2131932.0,797921.0,59771802.0,1224137.0,88674163.0,26416438.0,1345961.0,3692148.0,22.0,196.0,1334011.0,2.231840023829297,1.3804889255058432,4.6339972103733285,36.454685
2022-01-06,2365838.0,556958.0,54345760.0,1452268.0,97221407.0,29694095.0,1289921.0,4779685.0,14.0,177.0,1808880.0,3.32846573495338,1.4937738969360934,4.890763634992075,26.987574
2022-01-07,2259178.0,1746222.0,57153768.0,3858336.0,98279553.0,25311499.0,1432303.0,4764985.0,10.0,103.0,512956.0,0.8975016310385695,3.925878661658137,15.243411699955029,30.05892
2022-01-10,2644167.0,510729.0,53251298.0,1297881.0,83486669.0,20308623.0,1320399.0,4897501.0,21.0,197.0,2133438.0,4.006358680684178,1.5545966985459678,6.390787794918444,26.960669
2022-01-11,2110268.0,730785.0,54465150.0,1363476.0,94994515.0,23647371.0,1106140.0,3560315.0,20.0,78.0,1379483.0,2.5327810535727893,1.4353207656252576,5.765867165529732,31.0686
2022-01-12,2732180.0,676089.0,58389012.0,1351707.0,83722946.0,23296903.0,769286.0,3879979.0,26.0,73.0,2056091.0,3.521366314607276,1.6145000439903296,5.802088801245384,19.827066
2022-01-13,2054886.0,697392.0,57249903.0,1684733.0,89874813.0,29579010.0,793269.0,3173921.0,13.0,131.0,1357494.0,2.37117257648454,1.8745329684302097,5.695704487743167,24.993343
2022-01-14,2137337.0,658823.0,54897590.0,1510585.0,91254507.0,25998223.0,958635.0,4935135.0,24.0,112.0,1478514.0,2.693222052188448,1.6553538555635394,5.810339422044345,19.424696
2022-01-18,2999890.0,999616.0,56189573.0,1691757.0,80224695.0,21147116.0,774071.0,3673218.0,18.0,154.0,2000274.0,3.559866881351812,2.1087733646104856,7.999941930615977,21.073376
2022-01-19,2521430.0,605864.0,51323483.0,1390719.0,91370075.0,23772763.0,1150542.0,4788098.0,29.0,106.0,1915566.0,3.7323382748594827,1.5220727355209023,5.850052011202904,24.029207
2022-01-20,2954698.0,893002.0,51722320.0,1479361.0,94063918.0,26478450.0,921095.0,3603291.0,28.0,185.0,2061696.0,3.986085697625319,1.572718882494348,5.587037760896125,25.562603
2022-01-21,2087498.0,709141.0,52332517.0,1101371.0,95388755.0,20310375.0,1213317.0,3707755.0,28.0,111.0,1378357.0,2.633844269328762,1.1546130358866724,5.422701451844193,32.723763
2022-01-24,2899159.0,998863.0,53196340.0,1562997.0,89799314.0,22126453.0,730651.0,3564046.0,21.0,66.0,1900296.0,3.5722307211360786,1.7405444767651566,7.0639293157380445,20.500605
2022-01-25,2912756.0,867654.0,58551881.0,1192192.0,83340216.0,21271300.0,770202.0,3316456.0,14.0,115.0,2045102.0,3.4928032457232243,1.4305122511321544,5.604697409185146,23.223646
2022-01-26,2175203.0,554748.0,55387408.0,1150322.0,93245696.0,25238631.0,748777.0,4379390.0,19.0,55.0,1620455.0,2.9256740087927566,1.2336462156923576,4.55778286865084,17.097746
2022-01-27,2191335.0,505801.0,55692493.0,1021172.0,81847865.0,23842411.0,848066.0,4034262.0,26.0,107.0,1685534.0,3.02650125574375,1.2476464719024742,4.283006445950453,21.02159
2022-01-28,,650262.0,58247752.0,,94921595.0,26310208.0,890706.0,3082279.0,14.0,118.0,,,,,28.897644
2022-01-31,2041090.0,942905.0,51087341.0,1996121.0,94568974.0,29404024.0,1324446.0,3015434.0,25.0,111.0,1098185.0,2.1496225454364515,2.1107567477680367,6.788598050389294,43.922234
2022-02-01,2329365.0,735362.0,56195200.0,1577564.0,95674529.0,26127764.0,1497232.0,3719407.0,16.0,131.0,1594003.0,2.8365465377825863,1.6488860896299788,6.037883685722207,40.25459
2022-02-02,2064820.0,944209.0,53977266.0,1581780.0,89308092.0,25859046.0,1463935.0,3440991.0,18.0,120.0,1120611.0,2.076079585060866,1.771149696043221,6.1169309958302405,42.54399
2022-02-03,2787201.0,529592.0,55558956.0,1708362.0,84017136.0,26034207.0,1026022.0,3337913.0,12.0,180.0,2257609.0,4.063447484506368,2.033349482419872,6.56198976984396,30.738428
2022-02-04,2321879.0,772791.0,53031756.0,1513319.0,93869848.0,27940879.0,980852.0,4818618.0,24.0,59.0,1549088.0,2.921057337795867,1.6121460002790249,5.416146714639865,20.355463
2022-02-07,2718315.0,639788.0,50843523.0,1780298.0,97122071.0,23341861.0,1368179.0,3328821.0,25.0,147.0,2078527.0,4.088086106857702,1.833051933169753,7.627061098513097,41.10101
2022-02-08,2327069.0,719963.0,58934845.0,1876031.0,85750283.0,27359201.0,1430265.0,3083555.0,27.0,138.0,1607106.0,2.7269198722759005,2.187784033319167,6.8570386978771785,46.383636
2022-02-09,2776997.0,980761.0,54040479.0,1989859.0,81074961.0,22615804.0,1288158.0,4701243.0,23.0,84.0,1796236.0,3.323871352065551,2.4543446897248584,8.798533096590331,27.400372
2022-02-10,2199041.0,748710.0,50092193.0,1222320.0,91950571.0,24312717.0,1233571.0,4789856.0,12.0,51.0,1450331.0,2.8953234289423104,1.3293229032802854,5.02749240243285,25.753822
2022-02-11,2791743.0,720984.0,51186887.0,1417978.0,99155151.0,21982243.0,1385933.0,4812375.0,21.0,173.0,2070759.0,4.045487274895229,1.4300598463109597,6.450561027825959,28.799355
2022-02-14,2103355.0,872771.0,58896761.0,1011046.0,97911322.0,23413654.0,1124149.0,3176806.0,18.0,73.0,1230584.0,2.089391639041067,1.032613981047054,4.31818971955424,35.38614
2022-02-15,2235796.0,832460.0,53334817.0,1228071.0,92866619.0,25986417.0,1230062.0,4936673.0,16.0,123.0,1403336.0,2.631181803811195,1.3224030477517439,4.72581887683862,24.916822
2022-02-16,2214176.0,758067.0,52715514.0,1378165.0,82474968.0,27863020.0,903127.0,4530295.0,18.0,71.0,1456109.0,2.762202034110869,1.6710100451327246,4.946215449725119,19.93528
2022-02-17,,764512.0,52658571.0,,86166160.0,23270209.0,842055.0,3433819.0,22.0,88.0,,,,,24.522404
2022-02-18,2347449.0,1732725.0,54834357.0,3417324.0,93569332.0,28604008.0,1320756.0,4518500.0,27.0,69.0,614724.0,1.1210562749919726,3.6521838159537143,11.947011062225965,29.229965
2022-02-22,2421909.0,768799.0,57102173.0,1416366.0,82442266.0,27323988.0,1225069.0,3999430.0,14.0,90.0,1653110.0,2.8950036629954523,1.7180095462198965,5.183599114448447,30.631088
2022-02-23,2989436.0,2212647.0,54892472.0,3971502.0,84437677.0,23324664.0,814586.0,3068803.0,22.0,197.0,776789.0,1.4151102540982305,4.703471413596564,17.02704913562742,26.544094
2022-02-24,2258795.0,570031.0,50481680.0,1266997.0,93793267.0,28210880.0,1149916.0,4481124.0,13.0,157.0,1688764.0,3.3453007110698376,1.3508400341785727,4.491164401819439,25.66133
2022-02-25,2486232.0,969645.0,55165679.0,1645188.0,89607366.0,23594058.0,989768.0,4926711.0,11.0,196.0,1516587.0,2.7491495210273764,1.8359963844936587,6.972891225409381,20.089834
2022-02-28,2917040.0,984299.0,56180142.0,1482615.0,85241218.0,24584258.0,1231111.0,3807744.0,25.0,133.0,1932741.0,3.440256523381518,1.7393170050667273,6.030749433234877,32.331768
2022-03-01,2500186.0,587922.0,55287118.0,1415008.0,85481140.0,28117654.0,1242777.0,3748736.0,18.0,160.0,1912264.0,3.458787632952761,1.6553452609546386,5.032453987804246,33.151894
2022-03-02,,948982.0,54100673.0,,84981262.0,24212377.0,871033.0,4526318.0,18.0,115.0,,,,,19.243742
2022-03-03,2870910.0,624046.0,51534026.0,1761379.0,85290717.0,29633233.0,1212880.0,3699539.0,15.0,102.0,2246864.0,4.359962095722931,2.0651473711963284,5.94393126122958,32.784626
2022-03-04,2384681.0,906619.0,58704434.0,1205550.0,80518349.0,20233782.0,991262.0,4775378.0,20.0,83.0,1478062.0,2.517802999344138,1.4972363628568688,5.958105113517582,20.75777
2022-03-07,2149503.0,532097.0,53467366.0,1244883.0,99659206.0,26906117.0,800417.0,3245404.0,10.0,199.0,1617406.0,3.025033999243576,1.2491399941516692,4.626765727659625,24.663092
2022-03-08,2654811.0,971873.0,50327359.0,1638418.0,80797968.0,26112674.0,781816.0,3642249.0,13.0,116.0,1682938.0,3.3439823456661015,2.027796045563918,6.274416783206499,21.465199
2022-03-09,2527035.0,642038.0,50317537.0,1460514.0,82655971.0,24809109.0,1377623.0,4351099.0,22.0,183.0,1884997.0,3.746202839777313,1.7669794236643837,5.887007066638306,31.661495
2022-03-10,2648143.0,624862.0,56953757.0,1949491.0,95999496.0,23735466.0,975709.0,3017297.0,22.0,76.0,2023281.0,3.5524978624324994,2.030730453001545,8.213409418631173,32.33719
2022-03-11,2452366.0,730229.0,50550222.0,1671210.0,99651515.0,21583246.0,1375714.0,3788443.0,22.0,59.0,1722137.0,3.4067842471591914,1.6770542826167771,7.743089246168069,36.313442
2022-03-14,2065725.0,618834.0,54975026.0,1929616.0,87339838.0,20726331.0,874023.0,4557922.0,11.0,122.0,1446891.0,2.6319059858198157,2.209319417331642,9.30997386850572,19.175909
2022-03-15,2129981.0,593848.0,57795134.0,1121789.0,93236949.0,21794291.0,1247936.0,4168810.0,18.0,145.0,1536133.0,2.657893309841621,1.2031592754070062,5.147169045324759,29.935064
2022-03-16,,552921.0,52573619.0,,96520181.0,26353385.0,1143945.0,3568302.0,17.0,97.0,,,,,32.058525
2022-03-17,2953277.0,680798.0,52453752.0,1700780.0,94467188.0,24952075.0,741971.0,4816030.0,16.0,119.0,2272479.0,4.332347855688188,1.8003923224643885,6.816186629769268,15.40628
2022-03-18,2905778.0,626141.0,59752741.0,1563178.0,98581889.0,23898606.0,718658.0,3929242.0,13.0,149.0,2279637.0,3.8151170337106377,1.5856644824486983,6.540875229291617,18.289991
2022-03-21,2591723.0,681372.0,57265760.0,1066017.0,82938199.0,22878117.0,721253.0,4929341.0,27.0,108.0,1910351.0,3.3359393117283345,1.2853148643847452,4.659548685759409,14.631835
2022-03-22,2319030.0,784821.0,51353038.0,1178376.0,95286855.0,24481617.0,1157382.0,4227146.0,12.0,51.0,1534209.0,2.9875720303051985,1.2366616570564744,4.813309513011334,27.379751
2022-03-23,2328947.0,555609.0,58639483.0,1688281.0,88998604.0,27374626.0,879635.0,3783152.0,15.0,114.0,1773338.0,3.0241364849686687,1.8969746986143738,6.167320788236522,23.251379
2022-03-24,2555839.0,2183691.0,54657693.0,2998274.0,84909776.0,25287913.0,857462.0,3797552.0,21.0,132.0,372148.0,0.68087030310628,3.531129324849473,11.8565498070165,22.579334
2022-03-25,2902648.0,949877.0,54264694.0,1656884.0,96355399.0,23733149.0,1050808.0,4558309.0,21.0,59.0,1952771.0,3.5986031728106673,1.7195549156513792,6.981307031780738,23.052584
2022-03-28,2273538.0,531024.0,50707689.0,1624712.0,95724308.0,25316741.0,1406938.0,4974847.0,17.0,102.0,1742514.0,3.4363900906625817,1.6972825752890268,6.417540077532097,28.28103
2022-03-29,2331236.0,570313.0,51296516.0,1801480.0,89167121.0,22804802.0,910097.0,4333572.0,10.0,128.0,1760923.0,3.4328315786592603,2.020341107570357,7.899564311060452,21.001081
2022-03-30,,889957.0,59945225.0,,83303389.0,24157263.0,1328138.0,4389959.0,13.0,108.0,,,,,30.253994
2022-03-31,2565894.0,684078.0,53463351.0,1693264.0,88025407.0,24488198.0,1362212.0,4442721.0,20.0,199.0,1881816.0,3.519824262418568,1.9236082600560995,6.914612500274623,30.661661
2022-04-01,2489492.0,857429.0,59653648.0,1841344.0,94501229.0,29515406.0,1220498.0,4781423.0,12.0,97.0,1632063.0,2.7358980627639067,1.9484868286739423,6.238586045538388,25.525833
2022-04-04,2256840.0,908554.0,51854971.0,1558296.0,93476005.0,22733460.0,926058.0,3511603.0,22.0,198.0,1348286.0,2.6001094475590394,1.6670545558723868,6.854636293815372,26.371374
2022-04-05,2473254.0,961243.0,59038807.0,1393276.0,91167263.0,27084609.0,1357911.0,3615863.0,26.0,172.0,1512011.0,2.5610459913256713,1.528263495197832,5.144161394391922,37.55427
2022-04-06,2349457.0,985988.0,51849396.0,1730026.0,83151882.0,26216538.0,1285289.0,4043659.0,19.0,71.0,1363469.0,2.62967190591767,2.080561447785391,6.5989872499564965,31.785297
2022-04-07,2665987.0,613632.0,52691276.0,1607847.0,83210016.0,24115362.0,880231.0,3507365.0,21.0,149.0,2052355.0,3.8950565554722947,1.9322757971828777,6.667314386572343,25.096645
2022-04-08,2270936.0,973351.0,59017469.0,1055337.0,86737320.0,21252557.0,822775.0,4667904.0,24.0,147.0,1297585.0,2.1986456247386688,1.2167046433991735,4.965694245638301,17.62622
2022-04-11,,912724.0,52526954.0,,82389383.0,21490687.0,1257531.0,4197086.0,19.0,74.0,,,,,29.962004
2022-04-12,,751451.0,56549546.0,,96941269.0,29311768.0,1377160.0,4228163.0,23.0,77.0,,,,,32.571117
2022-04-13,2205041.0,503051.0,58007407.0,1024354.0,94464087.0,24057025.0,1019972.0,4578608.0,22.0,162.0,1701990.0,2.934090813609372,1.0843845873405837,4.258024423219413,22.276901
2022-04-14,2698361.0,679819.0,57385034.0,1045186.0,85282379.0,25272864.0,961716.0,4787756.0,14.0,94.0,2018542.0,3.517540827805382,1.225559150970683,4.135605683629683,20.086988
2022-04-15,2731912.0,876836.0,57063410.0,1552433.0,89825144.0,23788963.0,1100455.0,4484209.0,15.0,117.0,1855076.0,3.250902811451331,1.7282833412435163,6.525854027348734,24.540672
2022-04-18,2417113.0,980358.0,59050222.0,1427236.0,82542637.0,23874910.0,968854.0,4022788.0,11.0,56.0,1436755.0,2.4331068560588984,1.7290894159342158,5.977974367233217,24.084143
2022-04-19,2068148.0,587235.0,58001482.0,1610411.0,88033951.0,23368045.0,1114600.0,4973149.0,26.0,98.0,1480913.0,2.553233036355864,1.8293067409867814,6.891509323950721,22.412357
2022-04-20,2777089.0,947237.0,59055605.0,1499883.0,91779534.0,25185773.0,871918.0,3828791.0,13.0,186.0,1829852.0,3.098523840370444,1.6342238129036482,5.955278799662016,22.77267
2022-04-21,2648531.0,697484.0,51072647.0,1730546.0,84158549.0,24832691.0,919055.0,4723735.0,23.0,132.0,1951047.0,3.8201407497050233,2.05629258175542,6.968821864694406,19.456108
2022-04-22,,689407.0,51631107.0,,89734816.0,20968616.0,1000135.0,3360890.0,19.0,178.0,,,,,29.75804
2022-04-25,,949395.0,59417063.0,,90167207.0,24217733.0,1434417.0,3749122.0,12.0,187.0,,,,,38.26008
2022-04-26,2678843.0,925309.0,55106563.0,1613217.0,88411039.0,27914520.0,1100187.0,3645194.0,12.0,122.0,1753534.0,3.1820783306699783,1.8246782508686499,5.779132150579698,30.181849
2022-04-27,2910790.0,962894.0,58234679.0,1285195.0,96052465.0,29639564.0,1122355.0,3201260.0,24.0,95.0,1947896.0,3.3449072501970862,1.338013553322135,4.336079302651011,35.059788
2022-04-28,2572843.0,711810.0,56463768.0,1575762.0,89035616.0,21490036.0,908139.0,4793795.0,15.0,155.0,1861033.0,3.2959773424968732,1.7698108586119063,7.332523779857791,18.944052
2022-04-29,2256508.0,932950.0,59694402.0,1616036.0,88962049.0,22869729.0,780257.0,3777881.0,26.0,81.0,1323558.0,2.2172229818132694,1.8165453900460409,7.066266504513455,20.653297
2022-05-02,2803591.0,703687.0,55606594.0,1125995.0,92851424.0,27585159.0,1177958.0,4811610.0,21.0,55.0,2099904.0,3.7763578902171204,1.2126846864513354,4.081886930577417,24.481577
2022-05-03,2896942.0,573523.0,51950367.0,1245690.0,88284960.0,27179156.0,706530.0,4580461.0,29.0,194.0,2323419.0,4.472382264402483,1.4109877831965942,4.583254903132386,15.424867
2022-05-04,2106530.0,736175.0,51910705.0,1331770.0,98827165.0,29454531.0,973260.0,3833525.0,20.0,123.0,1370355.0,2.639831225563205,1.347574829248618,4.5214435768812615,25.388123
2022-05-05,2604365.0,594476.0,51601596.0,1793392.0,88388512.0,28944718.0,1290082.0,4479018.0,13.0,163.0,2009889.0,3.8950132472646772,2.0289876584866593,6.195921480388926,28.802786
2022-05-06,2822352.0,733841.0,53791481.0,1428988.0,98045516.0,29352771.0,910545.0,4251775.0,15.0,76.0,2088511.0,3.882605500302176,1.457474098050542,4.868324016155068,21.415644
2022-05-09,2460337.0,779163.0,55123122.0,1939024.0,81947763.0,27904428.0,1357258.0,3376794.0,10.0,103.0,1681174.0,3.049852655297717,2.3661707519703743,6.948803967599694,40.193687
2022-05-10,2724839.0,845757.0,57757202.0,1180553.0,87654502.0,24202271.0,1228423.0,4533161.0,29.0,134.0,1879082.0,3.253415911664142,1.3468252891334662,4.877860428882893,27.098597
2022-05-11,2805889.0,2168598.0,56348564.0,3121392.0,83882149.0,24042879.0,1071616.0,4781298.0,25.0,176.0,637291.0,1.1309800192956114,3.721163605381641,12.982604953425087,22.412659
2022-05-12,2459773.0,586672.0,54150276.0,1880438.0,88439469.0,22322523.0,1178336.0,4730353.0,24.0,160.0,1873101.0,3.4590793221441754,2.12624297868636,8.423949210400634,24.910107
2022-05-13,2208261.0,573847.0,55723601.0,1259568.0,95941617.0,29601869.0,1475158.0,3936197.0,26.0,64.0,1634414.0,2.9330731874273526,1.312848416970083,4.255028626739751,37.476734
2022-05-16,2764469.0,844894.0,55354075.0,1319278.0,84845710.0,24746771.0,1313375.0,4521466.0,17.0,181.0,1919575.0,3.4678115387168877,1.5549142083907366,5.331111683217176,29.047548
2022-05-17,2341097.0,710706.0,55279548.0,1151563.0,89109609.0,28640145.0,1420391.0,3383100.0,21.0,142.0,1630391.0,2.949356604724771,1.2922994645841168,4.020800174021465,41.984894
2022-05-18,2315139.0,528251.0,52382357.0,1656701.0,94689142.0,21756124.0,979215.0,3115598.0,19.0,172.0,1786888.0,3.4112401624081174,1.7496208805018003,7.614872024079289,31.42944
2022-05-19,2171829.0,603481.0,57904069.0,1699983.0,92907824.0,20841531.0,720074.0,3250100.0,24.0,122.0,1568348.0,2.7085281346980987,1.8297522499289187,8.156708832954738,22.155441
2022-05-20,2271836.0,874710.0,52245131.0,1614615.0,95538122.0,20864645.0,1446084.0,3782877.0,18.0,196.0,1397126.0,2.6741745560940404,1.6900217067277081,7.738521312008903,38.227097
2022-05-23,2438974.0,525945.0,54246049.0,1393554.0,94391234.0,21428127.0,1292131.0,3708521.0,11.0,141.0,1913029.0,3.5265775761843963,1.4763595526254059,6.503386880243895,34.84222
2022-05-24,,2558988.0,58480473.0,,81443717.0,25130076.0,739901.0,3776676.0,14.0,66.0,,,,,19.591328
2022-05-25,2202283.0,532217.0,55455770.0,1143326.0,84409352.0,28859690.0,973349.0,3133241.0,15.0,92.0,1670066.0,3.01152792576859,1.3545015722902363,3.9616711059612904,31.065247
2022-05-26,2196769.0,508308.0,51072200.0,1707220.0,95329502.0,24254849.0,1492338.0,4788028.0,16.0,170.0,1688461.0,3.306027545318196,1.7908621824123239,7.03867502947555,31.168112
2022-05-27,2561353.0,768093.0,52906158.0,1011344.0,89594271.0,27574587.0,1095807.0,4201700.0,10.0,90.0,1793260.0,3.3895109147785782,1.1288043183028968,3.6676668992358796,26.080088
2022-05-31,2223165.0,683062.0,51222869.0,1394966.0,88421928.0,26515350.0,1287275.0,4513641.0,16.0,88.0,1540103.0,3.0066707118650458,1.5776245005650633,5.26097524641387,28.519657
2022-06-01,2623587.0,2683098.0,53125354.0,3944520.0,96241927.0,28336900.0,1042829.0,4253499.0,29.0,162.0,-59511.0,-0.11201995943405856,4.098546364309601,13.920083001316305,24.516968
2022-06-02,2950110.0,720552.0,59818159.0,1592245.0,88752967.0,21615777.0,1072598.0,3008036.0,21.0,160.0,2229558.0,3.727226041844584,1.7940188974189448,7.36612428967971,35.657753
2022-06-03,2535822.0,600235.0,54782883.0,1105423.0,93526705.0,23512664.0,1067631.0,4604642.0,25.0,96.0,1935587.0,3.5331966738588765,1.1819330104701111,4.7013941082984045,23.185972
2022-06-06,2487879.0,574740.0,56501632.0,1320197.0,81308507.0,20973181.0,1278688.0,3945238.0,25.0,112.0,1913139.0,3.385988921523541,1.6236886504385082,6.294691301238473,32.410923
2022-06-07,2564685.0,878496.0,59302640.0,1464071.0,89331795.0,21491633.0,856222.0,4202821.0,20.0,159.0,1686189.0,2.843362454015538,1.6389136700992073,6.812283645454024,20.372555
2022-06-08,2782038.0,828761.0,53982588.0,1671256.0,95086909.0,29922462.0,731852.0,4734339.0,13.0,118.0,1953277.0,3.61834634530675,1.7576089259563585,5.585289071467448,15.458378
2022-06-09,2353531.0,725913.0,58083123.0,1186833.0,92382318.0,22061774.0,1213012.0,3983825.0,22.0,92.0,1627618.0,2.802221912206752,1.2846971430182126,5.379590054725427,30.448425
2022-06-10,2263160.0,779040.0,59956046.0,1717912.0,89986298.0,22790358.0,1077501.0,3202747.0,16.0,83.0,1484120.0,2.4753466898067296,1.9090817582027877,7.537889488177413,33.643024
2022-06-13,2579879.0,892942.0,56160686.0,1775435.0,80100734.0,23860562.0,1343340.0,4972424.0,13.0,89.0,1686937.0,3.003768508098352,2.2165027851055648,7.440876706927524,27.015797
2022-06-14,2220884.0,677247.0,59306167.0,1077454.0,88546310.0,26976610.0,756481.0,3543088.0,24.0,110.0,1543637.0,2.602827122514932,1.2168254103417748,3.9940303840994105,21.350895
2022-06-15,2023247.0,638877.0,50635605.0,1257594.0,99628490.0,21765524.0,1487715.0,4336092.0,28.0,111.0,1384370.0,2.7339853053992345,1.2622835094660172,5.77791740736405,34.310043
2022-06-16,2024300.0,505237.0,57479821.0,1511897.0,98003027.0,21250632.0,733691.0,4372236.0,18.0,107.0,1519063.0,2.6427761492159134,1.542704390140929,7.114597815255565,16.780682
2022-06-17,,520056.0,54583897.0,,83081091.0,26210715.0,1094341.0,4855546.0,20.0,124.0,,,,,22.53796
2022-06-21,2607086.0,676615.0,59203739.0,1909164.0,96002437.0,28526086.0,898137.0,3850350.0,17.0,65.0,1930471.0,3.2607247998306326,1.9886620169860896,6.692695240419594,23.326115
2022-06-22,2533556.0,687628.0,57413718.0,1516142.0,91091989.0,23243087.0,1250458.0,3932477.0,10.0,131.0,1845928.0,3.215134055592777,1.664407613275411,6.522980359708674,31.79823
2022-06-23,2348951.0,1843644.0,50067661.0,3890878.0,98645886.0,20909711.0,1232726.0,4381875.0,17.0,143.0,505307.0,1.0092482650627517,3.9442881581498495,18.607995108110295,28.132385
2022-06-24,2274329.0,873632.0,56859991.0,1037641.0,92681730.0,23711584.0,1371514.0,3755600.0,22.0,97.0,1400697.0,2.4634140374732034,1.1195744835578705,4.376093136586742,36.519173
2022-06-27,,634415.0,57585153.0,,87265406.0,26913283.0,1101220.0,4108076.0,13.0,187.0,,,,,26.806223
2022-06-28,2742139.0,906716.0,55914988.0,1856774.0,92735272.0,21619715.0,1496184.0,3167647.0,17.0,131.0,1835423.0,3.282524177596175,2.00223060757292,8.588337080299162,47.23329
2022-06-29,2432315.0,946438.0,56558221.0,1369040.0,84755469.0,22590310.0,755426.0,3236527.0,12.0,87.0,1485877.0,2.6271636089826798,1.6152821949460276,6.0602975346509185,23.340637
2022-06-30,2926075.0,529375.0,51307506.0,1667542.0,95053770.0,26314768.0,939968.0,3435477.0,18.0,176.0,2396700.0,4.6712463474642485,1.7543144264556787,6.336905573326734,27.360626
2022-07-01,2516588.0,1922202.0,52901614.0,3224242.0,87974411.0,29349220.0,988963.0,4683523.0,11.0,68.0,594386.0,1.1235687440462592,3.6649770806649675,10.985784290008388,21.115791
2022-07-05,2236584.0,516964.0,52966422.0,1318420.0,94150540.0,28324454.0,1195384.0,3552004.0,11.0,112.0,1719620.0,3.246622926502379,1.4003318515220413,4.654705788856512,33.65379
2022-07-06,2562332.0,613429.0,53708654.0,1281685.0,91666968.0,28815995.0,1221121.0,4445028.0,22.0,126.0,1948903.0,3.6286573109800893,1.3981972219262233,4.447824897248907,27.471617
2022-07-07,2837646.0,752764.0,57315436.0,1880889.0,99739948.0,26726451.0,855289.0,4457640.0,24.0,180.0,2084882.0,3.6375576031559804,1.8857930425229417,7.0375561648645375,19.187037
2022-07-08,2978732.0,690710.0,50118033.0,1475526.0,81992825.0,28064220.0,961501.0,3002352.0,21.0,151.0,2288022.0,4.5652669569055115,1.7995794144182737,5.257676856866144,32.024925
2022-07-11,2376896.0,966882.0,59018873.0,1044813.0,83832978.0,21544613.0,1219165.0,3133004.0,13.0,114.0,1410014.0,2.3890900119356737,1.2463030956624255,4.849532456210747,38.913612
2022-07-12,2048984.0,716139.0,55872354.0,1692558.0,86152941.0,21297638.0,919780.0,3862881.0,17.0,169.0,1332845.0,2.385517889580955,1.9645968905460813,7.947162967085834,23.810726
2022-07-13,2302918.0,567215.0,51215502.0,1664180.0,84115811.0,27134897.0,995138.0,4581420.0,18.0,140.0,1735703.0,3.3890188169980253,1.9784389881231723,6.132988085416355,21.721169
2022-07-14,2264712.0,831186.0,59810404.0,1286214.0,88983212.0,27748670.0,1370396.0,3786261.0,14.0,57.0,1433526.0,2.3967836766325803,1.4454569250658202,4.635227562257939,36.193913
2022-07-15,2120151.0,644356.0,52319049.0,1987272.0,90438535.0,22430525.0,1432635.0,4397556.0,29.0,122.0,1475795.0,2.8207603697077905,2.197373055633862,8.859676712872302,32.577984
2022-07-18,2455808.0,703861.0,56292518.0,1928626.0,99951324.0,27439103.0,797756.0,3660858.0,27.0,183.0,1751947.0,3.1122199934279013,1.9295652351738732,7.028750174522834,21.791502
2022-07-19,2985067.0,977880.0,57587768.0,1342703.0,82731638.0,22456070.0,1142632.0,3731478.0,20.0,156.0,2007187.0,3.485439824651652,1.6229619435312037,5.979243028722301,30.621433
2022-07-20,2133767.0,855612.0,53720464.0,1204615.0,97041716.0,28878234.0,795665.0,3050098.0,24.0,138.0,1278155.0,2.3792702162810806,1.2413372822055209,4.171359647546315,26.086538
2022-07-21,2648663.0,954605.0,52192614.0,1476657.0,90556086.0,20288859.0,1356005.0,3981890.0,18.0,88.0,1694058.0,3.245781098451976,1.6306546199445944,7.278166800804323,34.054306
2022-07-22,2703550.0,509435.0,50770173.0,1566074.0,99753247.0,25008341.0,862002.0,3374313.0,26.0,162.0,2194115.0,4.321661460558742,1.5699478935257114,6.262206677364164,25.546
2022-07-25,2136330.0,947556.0,55642264.0,1750294.0,82903633.0,24749766.0,961691.0,3664929.0,21.0,77.0,1188774.0,2.1364587177833023,2.111239202267529,7.07196181167935,26.240372
2022-07-26,2480754.0,675150.0,50467010.0,1755164.0,81940369.0,21546236.0,1306123.0,3247199.0,16.0,146.0,1805604.0,3.5777907191252267,2.1420015816623916,8.1460353446421,40.223064
2022-07-27,2301648.0,840976.0,51655016.0,1399953.0,88127125.0,28982913.0,822232.0,3126060.0,19.0,86.0,1460672.0,2.827744744092229,1.5885608432137095,4.830270166425301,26.302502
2022-07-28,2688519.0,551293.0,54221038.0,1822494.0,97994276.0,24257341.0,1442849.0,4236530.0,19.0,186.0,2137226.0,3.941691415055536,1.8597963823927839,7.5131647776234,34.05733
2022-07-29,2013986.0,2967591.0,59312483.0,3943482.0,97808735.0,23759834.0,1145358.0,4774329.0,22.0,131.0,-953605.0,-1.6077644228787387,4.031830081433934,16.597262421951264,23.989925
2022-08-01,2586146.0,578781.0,58376430.0,1838003.0,94672183.0,22627988.0,943051.0,3130544.0,28.0,105.0,2007365.0,3.4386566633142865,1.9414393349311487,8.122697431163566,30.124191
2022-08-02,2129312.0,691475.0,53880993.0,1287654.0,84678714.0,25477093.0,857547.0,3524628.0,20.0,134.0,1437837.0,2.668542133215696,1.520634807940045,5.054163754082933,24.330143
2022-08-03,2012666.0,660196.0,52568103.0,1281570.0,88109698.0,28592974.0,1112104.0,3699309.0,22.0,51.0,1352470.0,2.572795902488625,1.4545163916008428,4.482115081837937,30.062479
2022-08-04,2300804.0,726507.0,58469872.0,1037265.0,94609307.0,20502420.0,1268020.0,3606590.0,17.0,107.0,1574297.0,2.6924926396281488,1.0963667665380954,5.059232032121086,35.15842
2022-08-05,2134633.0,806063.0,58411883.0,1935354.0,98167497.0,25529046.0,1436983.0,3979947.0,17.0,156.0,1328570.0,2.2744858267965786,1.971481456841056,7.5809883377545715,36.105583
2022-08-08,2288998.0,739833.0,56482532.0,1249321.0,82322466.0,21679161.0,1008449.0,3747028.0,13.0,172.0,1549165.0,2.7427329213924048,1.5175942372766142,5.762773753098656,26.913303
2022-08-09,2850937.0,752377.0,55196467.0,1066150.0,87778748.0,29426807.0,1401397.0,3467243.0,24.0,163.0,2098560.0,3.8019824710882313,1.2145878407835118,3.623057030958201,40.418194
2022-08-10,2628776.0,666319.0,55952793.0,1611600.0,88099932.0,20660902.0,1233634.0,3524426.0,20.0,156.0,1962457.0,3.5073441284691547,1.8292863154536827,7.800240279925823,35.002407
2022-08-11,2707611.0,621172.0,58961343.0,1089613.0,98628533.0,27562116.0,1487019.0,3393574.0,20.0,86.0,2086439.0,3.5386558274291686,1.1047644802746888,3.9532995217058082,43.818672
2022-08-12,2284806.0,856902.0,52000609.0,1337054.0,81946830.0,21538112.0,712763.0,4692483.0,10.0,128.0,1427904.0,2.7459370716216034,1.6316116193878398,6.207851458846532,15.189465
2022-08-15,2794824.0,984963.0,59301434.0,1838807.0,99391366.0,21726676.0,890237.0,3468466.0,26.0,141.0,1809861.0,3.0519683554363963,1.850067137622397,8.46336089330922,25.666592
2022-08-16,2030535.0,955968.0,52697143.0,1121826.0,87238987.0,29758681.0,1462841.0,3871808.0,24.0,67.0,1074567.0,2.039137112233959,1.2859227721202218,3.769743692605193,37.78186
2022-08-17,2996107.0,818717.0,59251130.0,1559723.0,89957168.0,21685996.0,1129332.0,4672795.0,29.0,147.0,2177390.0,3.6748497454816476,1.7338507143755348,7.19230511709031,24.168234
2022-08-18,2375713.0,559101.0,59192300.0,1882875.0,84660061.0,23246417.0,1345275.0,4996734.0,15.0,112.0,1816612.0,3.069000528784994,2.2240416292636502,8.099635311540698,26.923088
2022-08-19,2838688.0,995972.0,59549765.0,1450348.0,82605214.0,29091044.0,916823.0,3156951.0,24.0,199.0,1842716.0,3.0944135547806106,1.7557584198014426,4.9855481295205495,29.041407
2022-08-22,2351279.0,788790.0,51314532.0,1210017.0,87923641.0,21352144.0,791353.0,3867964.0,18.0,188.0,1562489.0,3.044924973689714,1.3762134805131647,5.66695784741804,20.459162
2022-08-23,,866329.0,50421240.0,,82229180.0,21551330.0,921373.0,3842210.0,23.0,53.0,,,,,23.980288
2022-08-24,,523049.0,50944789.0,,90717207.0,20971248.0,1057792.0,3562060.0,27.0,184.0,,,,,29.696074
2022-08-25,2601661.0,710677.0,52213573.0,1490457.0,95540627.0,24657851.0,1249844.0,4107054.0,26.0,110.0,1890984.0,3.621633018678879,1.5600243025409495,6.044553517660562,30.431643
2022-08-26,,860260.0,58914501.0,,96169764.0,26695306.0,1242387.0,4506145.0,27.0,156.0,,,,,27.570951
2022-08-29,2647972.0,859523.0,52255363.0,1809942.0,89384451.0,25378750.0,1071233.0,3551050.0,14.0,103.0,1788449.0,3.422517608384043,2.0248958065424603,7.131722405555829,30.166656
2022-08-30,2489570.0,568385.0,58375741.0,1733547.0,84188891.0,22607411.0,876168.0,4192931.0,29.0,137.0,1921185.0,3.291067431589434,2.0591160893187204,7.668047438072409,20.896315
2022-08-31,2456551.0,626131.0,55056861.0,1696358.0,96541035.0,21693439.0,1427346.0,4767858.0,29.0,117.0,1830420.0,3.3245992720144364,1.757136745012108,7.819682255081825,29.936838
2022-09-01,2273109.0,933374.0,56436446.0,1450062.0,89014653.0,21831094.0,1368590.0,3694780.0,18.0,178.0,1339735.0,2.373882650229251,1.629014944314842,6.642186598619382,37.04118
2022-09-02,2024538.0,696489.0,54148887.0,1094071.0,94064147.0,23437172.0,1122225.0,3842000.0,20.0,104.0,1328049.0,2.4525878066524247,1.1631115944739285,4.668101595192457,29.209396
2022-09-06,2894498.0,523289.0,59595702.0,1793072.0,84495511.0,29447933.0,902041.0,3871522.0,10.0,52.0,2371209.0,3.9788255200014255,2.1220914327626232,6.088957075527168,23.29939
2022-09-07,,872370.0,59057014.0,,98202161.0,26919875.0,733866.0,4855227.0,27.0,170.0,,,,,15.114967
2022-09-08,2491234.0,862937.0,53668866.0,1841052.0,82363999.0,25923361.0,805400.0,3843601.0,15.0,178.0,1628297.0,3.0339694526059113,2.2352630061102303,7.1019031830016175,20.954308
2022-09-09,2899684.0,771967.0,54612338.0,1146389.0,89109096.0,21963571.0,1039119.0,4542247.0,11.0,151.0,2127717.0,3.8960371921817374,1.2865005386206587,5.2195018742626145,22.876762
2022-09-12,2139182.0,691232.0,51033255.0,1639896.0,84790691.0,25542511.0,1135071.0,3599253.0,24.0,87.0,1447950.0,2.8372675816974637,1.9340519350172534,6.420261500523577,31.536293
2022-09-13,2472525.0,804119.0,57082212.0,1269708.0,89852415.0,28985826.0,1043701.0,3177912.0,23.0,134.0,1668406.0,2.922812451626787,1.4131039215807388,4.3804444282526225,32.84235
2022-09-14,2158338.0,509540.0,58202787.0,1682705.0,99869411.0,23815144.0,837488.0,3175767.0,14.0,182.0,1648798.0,2.832850598717893,1.6849053009835013,7.065693157261614,26.371204
2022-09-15,,516364.0,54989847.0,,97066318.0,23436252.0,1296804.0,3236281.0,15.0,141.0,,,,,40.070812
2022-09-16,2214020.0,897827.0,58929285.0,1254444.0,89725345.0,20817052.0,886987.0,3084754.0,15.0,70.0,1316193.0,2.233512590556631,1.3980932589336936,6.026040574813378,28.753897
2022-09-19,2623094.0,527663.0,57643603.0,1603561.0,96722851.0,27596585.0,1111274.0,3602276.0,27.0,158.0,2095431.0,3.6351492463092563,1.6578926111266095,5.810722594842804,30.849218
2022-09-20,2924414.0,551991.0,53094235.0,1861291.0,94561193.0,26269324.0,1133934.0,4500134.0,23.0,96.0,2372423.0,4.468325045082578,1.9683455135765895,7.085416434773883,25.197783
2022-09-21,2897421.0,688751.0,59560067.0,1211837.0,91186361.0,21428080.0,994746.0,3507732.0,19.0,133.0,2208670.0,3.708306775410444,1.328967388006634,5.655369029796416,28.358665
2022-09-22,,866326.0,55986126.0,,84443778.0,29490536.0,1167874.0,3150023.0,23.0,132.0,,,,,37.075092
2022-09-23,2645914.0,662049.0,52859653.0,1991542.0,80260116.0,22521279.0,1171328.0,4705243.0,22.0,84.0,1983865.0,3.7530798773877687,2.4813594837067017,8.842934719648914,24.894102
2022-09-26,2119176.0,594704.0,50387952.0,1123618.0,86086368.0,27503888.0,889139.0,3080388.0,12.0,118.0,1524472.0,3.0254692629698465,1.305221751253346,4.0853060483666885,28.864511
2022-09-27,2917710.0,549115.0,51030117.0,1969897.0,91006745.0,26119848.0,858588.0,4925776.0,15.0,178.0,2368595.0,4.6415629421347395,2.16456153881781,7.5417628770274625,17.430513
2022-09-28,2218126.0,853151.0,52896818.0,1459297.0,91950831.0,22726016.0,1353583.0,4870436.0,17.0,189.0,1364975.0,2.580448222802362,1.5870405782412125,6.421261870096369,27.791824
2022-09-29,2218969.0,719295.0,52357821.0,1125341.0,81257949.0,21244289.0,1312257.0,3239779.0,21.0,76.0,1499674.0,2.864278862941985,1.3848995868699565,5.297145976502202,40.50452
2022-09-30,2122409.0,691962.0,58913742.0,1815862.0,93607851.0,20442939.0,1356449.0,3878453.0,22.0,105.0,1430447.0,2.4280362296457083,1.9398607922320534,8.882587772726808,34.97397
2022-10-03,2547707.0,697459.0,55584263.0,1730892.0,91360589.0,29440815.0,905735.0,3904850.0,20.0,72.0,1850248.0,3.3287263339265647,1.8945718486994432,5.879225829855593,23.19513
2022-10-04,2968140.0,649143.0,50244761.0,1552076.0,85538166.0,23282972.0,1365847.0,3206846.0,21.0,70.0,2318997.0,4.615400598681323,1.8144836072356285,6.666142105913282,42.5916
2022-10-05,2253618.0,690347.0,58386180.0,1750865.0,92122948.0,28692832.0,962299.0,3694335.0,10.0,110.0,1563271.0,2.677467510290963,1.9005742195744757,6.102098949312498,26.047962
2022-10-06,2769598.0,965585.0,50064323.0,1441759.0,80388076.0,24414473.0,823950.0,4035354.0,26.0,112.0,1804013.0,3.6033903824086466,1.7934985780726984,5.905345571047141,20.418283
2022-10-07,2050015.0,511938.0,51237715.0,1931423.0,95648245.0,22711793.0,1029638.0,4180788.0,25.0,171.0,1538077.0,3.0018454179699465,2.0192978972065823,8.50405337878872,24.627846
2022-10-11,,928411.0,58040979.0,,95300411.0,22319124.0,1300517.0,4990922.0,20.0,101.0,,,,,26.057652
2022-10-12,2122096.0,853824.0,50954480.0,1882554.0,85540070.0,23923227.0,804648.0,4861429.0,22.0,137.0,1268272.0,2.48902942390934,2.200786134498136,7.869147418949793,16.551676
2022-10-13,2631347.0,504000.0,56681134.0,1564262.0,86491878.0,22073290.0,738547.0,3788140.0,27.0,104.0,2127347.0,3.7531835548667742,1.8085651926762418,7.086673531675613,19.496296
2022-10-14,2185340.0,701660.0,50854016.0,1893741.0,95830160.0,22518970.0,1253083.0,4969710.0,20.0,95.0,1483680.0,2.91752769338807,1.9761430013265135,8.409536493010116,25.214409
2022-10-17,,863186.0,55347417.0,,81960826.0,23889877.0,886368.0,4461387.0,21.0,81.0,,,,,19.867544
2022-10-18,2874371.0,855754.0,59253517.0,1831516.0,82844664.0,21727408.0,1245735.0,4648885.0,15.0,104.0,2018617.0,3.406746303346011,2.210783304039956,8.429519066425227,26.796425
2022-10-19,2411357.0,751492.0,55809701.0,1422845.0,82613275.0,22801742.0,1391958.0,4207956.0,18.0,145.0,1659865.0,2.9741513935005672,1.7222958416791976,6.240071482257803,33.079193
2022-10-20,2735716.0,865835.0,59439101.0,1706544.0,81378369.0,21055675.0,1446111.0,4093365.0,25.0,182.0,1869881.0,3.1458769876078714,2.097048664123509,8.104912333610773,35.32817
2022-10-21,2105878.0,999522.0,58671370.0,1324060.0,82090212.0,26016854.0,956190.0,3026086.0,13.0,85.0,1106356.0,1.8856829148526786,1.612932854893833,5.089239459928552,31.598244
2022-10-24,,991072.0,59993726.0,,85230852.0,27436754.0,906402.0,4327579.0,12.0,159.0,,,,,20.944782
2022-10-25,2973548.0,538304.0,52883427.0,1193259.0,90630592.0,20965188.0,952419.0,3531972.0,25.0,155.0,2435244.0,4.604928496785959,1.3166183444989523,5.691620795387096,26.965645
2022-10-26,2198286.0,831593.0,51416012.0,1275128.0,80152999.0,22161088.0,1454105.0,4139664.0,21.0,107.0,1366693.0,2.658107750558328,1.5908674858192144,5.753905223425853,35.12616
2022-10-27,2773290.0,582986.0,55752810.0,1819471.0,84600108.0,28018006.0,1279365.0,3394423.0,20.0,88.0,2190304.0,3.9285983971032135,2.1506721953593724,6.4939346504529984,37.690205
2022-10-28,2774684.0,982859.0,50571650.0,1609719.0,91393942.0,22320484.0,812782.0,4618963.0,14.0,129.0,1791825.0,3.5431412659068866,1.76129726410094,7.211846302257603,17.596634
2022-10-31,2164899.0,1955508.0,54476576.0,3740246.0,82854190.0,24105223.0,1327220.0,3590381.0,27.0,146.0,209391.0,0.38436887076015935,4.514250878561483,15.51633021606977,36.965992
2022-11-01,2973324.0,608940.0,58774533.0,1845038.0,81284382.0,20487510.0,1143316.0,4209337.0,28.0,162.0,2364384.0,4.022803549966105,2.269855480970502,9.005672236401594,27.161428
2022-11-02,2324767.0,979243.0,52863793.0,1403832.0,87196042.0,26354986.0,1072013.0,3835083.0,15.0,110.0,1345524.0,2.545265717123249,1.6099721590574032,5.326627758405943,27.952799
2022-11-03,2999238.0,800638.0,54909047.0,1889097.0,83853321.0,27609964.0,1010925.0,4586757.0,27.0,186.0,2198600.0,4.0040760496171055,2.252858893925024,6.84208425624894,22.040083
2022-11-04,2861882.0,765517.0,56881289.0,1629661.0,93676226.0,25795250.0,886339.0,4539600.0,15.0,55.0,2096365.0,3.685508955326241,1.7396740556136407,6.31767864238571,19.524605
2022-11-07,2879858.0,643233.0,57422212.0,1181144.0,99432053.0,24055447.0,1175595.0,4639282.0,13.0,158.0,2236625.0,3.8950519704813877,1.1878905889632994,4.910089594261125,25.340021
2022-11-08,2379989.0,597532.0,53757974.0,1811006.0,91872847.0,21673879.0,1117168.0,4173650.0,21.0,84.0,1782457.0,3.3157071730419005,1.9712091865401755,8.35570780846382,26.76717
2022-11-09,2415515.0,854802.0,58791689.0,1920934.0,97819593.0,21780752.0,798696.0,3889497.0,28.0,88.0,1560713.0,2.6546490270078817,1.9637517813021366,8.819410826586704,20.534687
2022-11-10,2043585.0,885777.0,57211179.0,1250195.0,94882396.0,23293331.0,1203650.0,3130351.0,11.0,199.0,1157808.0,2.023744345488842,1.3176258744562057,5.367179988126216,38.45096
2022-11-14,2371369.0,600386.0,58767500.0,1143748.0,84577033.0,23764455.0,750939.0,4763947.0,26.0,167.0,1770983.0,3.013541498277109,1.3523151137259686,4.812851799041888,15.7629595
2022-11-15,2064044.0,527350.0,54199591.0,1404032.0,83257181.0,27253817.0,1411886.0,3038635.0,20.0,54.0,1536694.0,2.8352501774413756,1.6863794607698763,5.15168939455343,46.46448
2022-11-16,2960061.0,593008.0,55500545.0,1032733.0,85154048.0,24335518.0,841521.0,3973619.0,20.0,136.0,2367053.0,4.264918479629344,1.2127820394398632,4.243727213860827,21.177696
2022-11-17,2442296.0,856441.0,58291923.0,1741040.0,97700996.0,28791690.0,1274578.0,4143647.0,25.0,125.0,1585855.0,2.720539859355815,1.782008445441027,6.047022595755928,30.759811
2022-11-18,2109556.0,525351.0,53154240.0,1526338.0,88361735.0,28589747.0,1035098.0,3995909.0,11.0,106.0,1584205.0,2.980392533126238,1.7273744115594833,5.33876008066808,25.903944
2022-11-21,2526981.0,588668.0,59045310.0,1109996.0,94048203.0,25222798.0,1292278.0,4514494.0,11.0,176.0,1938313.0,3.2827552264523634,1.1802415831379576,4.400764736727464,28.625092
2022-11-22,2881691.0,614585.0,57796324.0,1558221.0,95686144.0,23904722.0,1283098.0,3864950.0,17.0,78.0,2267106.0,3.922578190266911,1.6284708891602946,6.518465263892213,33.19831
2022-11-23,2767595.0,2725563.0,58112074.0,3098478.0,90856760.0,25215622.0,1342650.0,4416953.0,22.0,136.0,42032.0,0.07232920304995481,3.4102888987016486,12.287930077632032,30.39765
2022-11-25,2200235.0,837497.0,52190222.0,1556701.0,92796479.0,26879771.0,1176513.0,3890083.0,19.0,190.0,1362738.0,2.6110983011338793,1.6775431748870555,5.791347701585702,30.243904
2022-11-28,2025939.0,707869.0,52719269.0,1165873.0,95275987.0,29596394.0,846295.0,3597093.0,17.0,95.0,1318070.0,2.5001674435205086,1.2236797924748866,3.939240030390189,23.527193
2022-11-29,,565953.0,57235574.0,,98720027.0,28481209.0,1165453.0,3421280.0,13.0,165.0,,,,,34.064823
2022-11-30,2960445.0,819602.0,55672354.0,1950417.0,97075306.0,23175684.0,1357957.0,3909245.0,24.0,161.0,2140843.0,3.8454328696070585,2.0091793478353805,8.415790446573228,34.737064
2022-12-01,2152906.0,782502.0,55205597.0,1899005.0,88705956.0,20629085.0,1421037.0,3341207.0,10.0,94.0,1370404.0,2.48236424288646,2.140786352609739,9.205473727991329,42.530647
2022-12-02,2542335.0,503267.0,55284958.0,1433816.0,89714891.0,29906695.0,964803.0,4313174.0,20.0,194.0,2039068.0,3.6882871467497544,1.598191765066069,4.794297731661757,22.368748
2022-12-05,2288249.0,582745.0,50786667.0,1713135.0,82320688.0,26071845.0,786516.0,4331598.0,16.0,153.0,1705504.0,3.3581727267119144,2.081050391609944,6.570823813964835,18.15764
2022-12-06,,851732.0,59742257.0,,81805808.0,22518638.0,774567.0,4230746.0,26.0,134.0,,,,,18.308048
2022-12-07,2408923.0,800657.0,51712503.0,1785332.0,89709175.0,20603103.0,826498.0,3193226.0,29.0,183.0,1608266.0,3.1100138393997288,1.9901331162615197,8.665354922508516,25.882853
2022-12-08,2415192.0,657164.0,53609736.0,1745453.0,84220459.0,21989968.0,1402098.0,4192639.0,27.0,157.0,1758028.0,3.279307325818579,2.0724809870722742,7.937496771254965,33.441895
2022-12-09,2568550.0,511338.0,58060833.0,1767950.0,84536119.0,25303943.0,1164894.0,3592632.0,21.0,67.0,2057212.0,3.543200973365298,2.091354584186672,6.986855763941612,32.424526
2022-12-12,2387261.0,631484.0,56638155.0,1166472.0,84654798.0,25497191.0,1236397.0,4939954.0,18.0,143.0,1755777.0,3.0999897507254603,1.3779159924284503,4.574903957067271,25.028511
2022-12-13,2810208.0,507543.0,51384418.0,1397710.0,94829445.0,21257008.0,984154.0,3560881.0,14.0,199.0,2302665.0,4.481251495346314,1.4739198357640921,6.575290370121703,27.637936
2022-12-14,2685440.0,868035.0,50386594.0,1211760.0,91666027.0,26473507.0,1495219.0,3560592.0,19.0,82.0,1817405.0,3.606921714136899,1.3219292246624805,4.577255291488204,41.99355
2022-12-15,2652664.0,926712.0,52869760.0,1122744.0,83622138.0,27437693.0,1463760.0,4472178.0,13.0,175.0,1725952.0,3.264535341185585,1.3426396727622536,4.091976683316633,32.730362
2022-12-16,2984346.0,1682076.0,51092501.0,3751726.0,90929084.0,25137997.0,839544.0,4759156.0,14.0,171.0,1302270.0,2.5488476283437365,4.125991195512317,14.92452242714485,17.640608
2022-12-19,2454589.0,720156.0,55238331.0,1730051.0,92617619.0,27270518.0,946183.0,4162189.0,19.0,187.0,1734433.0,3.13990840889092,1.8679502007064122,6.34403424240053,22.73282
2022-12-20,2137848.0,723992.0,58525631.0,1501946.0,97715057.0,25511934.0,1378743.0,4773274.0,20.0,164.0,1413856.0,2.4157894171188006,1.5370671072729354,5.8872290905111315,28.88464
2022-12-21,2617075.0,806569.0,51135964.0,1043001.0,89955661.0,28173321.0,1023853.0,4536081.0,19.0,77.0,1810506.0,3.5405727366360003,1.1594612150090253,3.7020875174779713,22.571312
2022-12-22,2127948.0,538756.0,59872232.0,1591652.0,90305153.0,27899284.0,1163001.0,3414299.0,17.0,60.0,1589192.0,2.65430558860742,1.7625262204029486,5.704992285823536,34.062656
2022-12-23,2579304.0,518888.0,52155748.0,1911420.0,99621156.0,21003171.0,1468613.0,4591218.0,11.0,96.0,2060416.0,3.9505060880346305,1.9186888375396889,9.10062580550337,31.987438
2022-12-27,2402690.0,666807.0,53925282.0,1831460.0,81207068.0,27214938.0,734518.0,3284334.0,17.0,176.0,1735883.0,3.2190522434356486,2.2552963000708264,6.72961297946003,22.36429
2022-12-28,,2428317.0,50873172.0,,81386980.0,22900737.0,753909.0,4579006.0,25.0,196.0,,,,,16.464468
2022-12-29,2451269.0,614352.0,58910852.0,1753019.0,97985268.0,21370485.0,1424984.0,3421614.0,14.0,167.0,1836917.0,3.1181300857777443,1.7890638417195532,8.202991181529104,41.64654
2022-12-30,2021959.0,845186.0,55655378.0,1430789.0,91244602.0,27045900.0,1215693.0,4231619.0,12.0,192.0,1176773.0,2.114392251544855,1.5680807068455402,5.290225135787679,28.728792
2023-01-03,2660890.0,585999.0,54873594.0,1656166.0,95702852.0,21681076.0,1239570.0,4876870.0,21.0,175.0,2074891.0,3.781219433157595,1.7305294099281388,7.638762947005029,25.417328
2023-01-04,,517955.0,54063309.0,,87500960.0,28501598.0,1178082.0,4757346.0,22.0,121.0,,,,,24.76343
2023-01-05,2905533.0,799985.0,56941245.0,1711998.0,90781901.0,25312399.0,939017.0,4199151.0,22.0,156.0,2105548.0,3.6977554670608273,1.8858362527570334,6.763475875992631,22.362068
2023-01-06,2790180.0,570640.0,59451244.0,1652589.0,83040267.0,20981883.0,1114994.0,3125438.0,19.0,186.0,2219540.0,3.7333785647950446,1.9901055953974716,7.876266396109443,35.67481
2023-01-09,2228576.0,696582.0,57817304.0,1912727.0,89685684.0,21668321.0,1152891.0,4621320.0,13.0,82.0,1531994.0,2.649715386244921,2.1327004653273316,8.827296771171149,24.947224
2023-01-10,2537833.0,928127.0,50829735.0,1499722.0,94321905.0,23293705.0,1491507.0,4673031.0,18.0,68.0,1609706.0,3.1668589261777584,1.5900039338688083,6.438314557516719,31.917337
2023-01-11,,952247.0,57021862.0,,97958103.0,26154512.0,1169164.0,4917043.0,11.0,123.0,,,,,23.777788
2023-01-12,,719798.0,58351245.0,,87536765.0,29888679.0,1403814.0,4022892.0,28.0,147.0,,,,,34.895645
2023-01-13,2165838.0,900573.0,55282591.0,1735457.0,92103896.0,23759505.0,728365.0,3794448.0,10.0,190.0,1265265.0,2.2887223212819388,1.8842384257013407,7.304264125031225,19.195547
2023-01-17,2335674.0,925695.0,57483058.0,1179352.0,98673436.0,28415414.0,1165982.0,3264528.0,16.0,178.0,1409979.0,2.4528601105390044,1.1952071882852038,4.150395274902558,35.71671
2023-01-18,2879989.0,561476.0,52562469.0,1810694.0,83138744.0,25418952.0,1141416.0,4241968.0,26.0,142.0,2318513.0,4.410966691842424,2.1779183962654045,7.123401468321747,26.9077
2023-01-19,2061087.0,806955.0,53086176.0,1866867.0,88535078.0,24609688.0,973146.0,3408288.0,12.0,97.0,1254132.0,2.3624455451453126,2.108618461938894,7.585902755045086,28.552341
2023-01-20,2593128.0,667280.0,56509590.0,1193283.0,86935774.0,24264423.0,976091.0,3102239.0,29.0,113.0,1925848.0,3.4080020753999456,1.3726029516916707,4.917829696589117,31.464083
2023-01-23,2118451.0,651222.0,55345854.0,1972346.0,98144439.0,28181883.0,910294.0,3635719.0,29.0,110.0,1467229.0,2.651018809828104,2.009636022271216,6.998630999922893,25.037523
2023-01-24,2447600.0,571180.0,57490200.0,1915015.0,99205297.0,28306681.0,816219.0,4915026.0,12.0,88.0,1876420.0,3.2638954117397403,1.9303555938147132,6.765240333192011,16.606607
2023-01-25,2837437.0,674358.0,54883680.0,1450195.0,92033451.0,27170837.0,1040754.0,4613374.0,12.0,177.0,2163079.0,3.9412062019164895,1.5757259825017318,5.337321776285361,22.559498
2023-01-26,2439792.0,612856.0,53681262.0,1769884.0,84273445.0,21519603.0,1280595.0,3704293.0,26.0,137.0,1826936.0,3.4033029998437816,2.100168089722688,8.22451975531333,34.570564
2023-01-27,2039353.0,830594.0,54633078.0,1998974.0,83184790.0,21750740.0,835565.0,3808258.0,16.0,75.0,1208759.0,2.212503933972016,2.4030522887657706,9.190372373537636,21.940872
2023-01-30,2193075.0,914568.0,52609089.0,1431413.0,93926188.0,20863403.0,1479383.0,3330170.0,23.0,66.0,1278507.0,2.430201747078342,1.5239764654347518,6.860879790319921,44.42365
2023-01-31,2214283.0,686141.0,52508749.0,1303988.0,92529971.0,29268511.0,1012229.0,3121668.0,26.0,120.0,1528142.0,2.9102616784871413,1.4092601412357515,4.455259100813158,32.4259
2023-02-01,2314877.0,874032.0,50914228.0,1326898.0,86681935.0,20885421.0,1258516.0,3766988.0,27.0,62.0,1440845.0,2.8299456882661564,1.5307664740063776,6.353226013495251,33.40908
2023-02-02,2065318.0,610448.0,50953959.0,1951661.0,89963441.0,24278384.0,1435036.0,4467310.0,22.0,118.0,1454870.0,2.8552639059901117,2.1693934539475874,8.0386775330681,32.123043
2023-02-03,2765313.0,514397.0,57905477.0,1863561.0,86689142.0,25495671.0,1124871.0,3548333.0,29.0,75.0,2250916.0,3.8872246920615123,2.1497052076025853,7.309323218047488,31.701391
2023-02-06,2482690.0,934771.0,53369538.0,1302186.0,84990961.0,20978836.0,1267760.0,3181948.0,29.0,98.0,1547919.0,2.9003792388084753,1.5321464596688112,6.207141330434158,39.84226
2023-02-07,2416880.0,678031.0,50345266.0,1061665.0,83646804.0,23223522.0,837888.0,3485662.0,27.0,56.0,1738849.0,3.453848073818897,1.2692236274801367,4.571507284726236,24.038132
2023-02-08,2591460.0,893944.0,59927209.0,1246584.0,80647296.0,22217181.0,777175.0,3614390.0,13.0,107.0,1697516.0,2.83262983263579,1.5457232440874398,5.610900860914803,21.502245
2023-02-09,2740976.0,943733.0,54537358.0,1116953.0,98326518.0,28568438.0,1288595.0,3314063.0,10.0,98.0,1797243.0,3.2954346633366436,1.135963138651976,3.909744732981201,38.882633
2023-02-10,2781239.0,619180.0,59496563.0,1476072.0,83122951.0,21556518.0,1008877.0,4672305.0,27.0,152.0,2162059.0,3.63392251750744,1.77576948633597,6.847450965874915,21.592705
2023-02-13,2093264.0,566234.0,56867100.0,1682736.0,80800101.0,22659083.0,795028.0,4206751.0,10.0,102.0,1527030.0,2.6852608977774497,2.0825914561666203,7.426319944191917,18.89886
2023-02-14,2770746.0,539954.0,55275034.0,1186626.0,84100612.0,24113640.0,1209666.0,3249877.0,22.0,111.0,2230792.0,4.035803939984913,1.4109600058558431,4.920974187223496,37.2219
2023-02-15,2813168.0,678352.0,57553974.0,1145271.0,90348014.0,24500398.0,842312.0,3953692.0,29.0,66.0,2134816.0,3.709241693718665,1.2676216657070072,4.674499573435501,21.304441
2023-02-16,2225281.0,579459.0,59803005.0,1118533.0,89353526.0,29625105.0,1191450.0,4185493.0,29.0,74.0,1645822.0,2.752072408401551,1.2518062241886234,3.7756254366018283,28.46618
2023-02-17,2637147.0,909995.0,56097091.0,1998916.0,88885366.0,24877708.0,792493.0,3217770.0,19.0,180.0,1727152.0,3.078861968083158,2.2488696283255445,8.034968494686085,24.628641
2023-02-21,2898613.0,695004.0,53177993.0,1968452.0,95292361.0,29935869.0,825149.0,3642613.0,20.0,78.0,2203609.0,4.143836342225251,2.0656975851401143,6.575563248222392,22.652668
2023-02-22,,966152.0,57705092.0,,88121757.0,27880317.0,1453704.0,4592201.0,18.0,166.0,,,,,31.655931
2023-02-23,2352228.0,917682.0,57583354.0,1465966.0,88417233.0,29254791.0,902435.0,3677673.0,18.0,75.0,1434546.0,2.4912512042976864,1.6580093611389082,5.0110287918310545,24.538208
2023-02-24,,930155.0,53131209.0,,82833552.0,29011501.0,863834.0,3944447.0,14.0,173.0,,,,,21.900003
2023-02-27,2269536.0,700968.0,59612128.0,1833032.0,91820569.0,28281447.0,970403.0,3340093.0,10.0,193.0,1568568.0,2.6312900623175204,1.9963195828159155,6.481393968278922,29.053173
2023-02-28,2317824.0,928486.0,55813365.0,1076898.0,87376519.0,23895958.0,881211.0,4835284.0,26.0,74.0,1389338.0,2.489256829435029,1.2324798610940315,4.506611536561957,18.224598
2023-03-01,2257426.0,559163.0,54057893.0,1455699.0,81276647.0,27076042.0,976993.0,4361871.0,11.0,103.0,1698263.0,3.1415634345940933,1.791042142769497,5.376336024297791,22.398485
2023-03-02,2177789.0,975853.0,55691276.0,1149369.0,92431216.0,28839765.0,1043912.0,4983691.0,22.0,122.0,1201936.0,2.158212356276412,1.243485750528263,3.985361877948728,20.946564
2023-03-03,2513153.0,551934.0,55397662.0,1554736.0,96040922.0,21265898.0,1068252.0,4022145.0,18.0,169.0,1961219.0,3.540255904662547,1.61882660809941,7.310935094299803,26.559261
2023-03-06,2742452.0,2087901.0,59828366.0,2576632.0,85416775.0,22120539.0,1017013.0,4715880.0,13.0,105.0,654551.0,1.0940479303746988,3.0165409546309845,11.648142931779375,21.56571
2023-03-07,,925523.0,51805468.0,,88704813.0,20880412.0,763095.0,4887895.0,14.0,114.0,,,,,15.611935
2023-03-08,2125657.0,2448726.0,53427975.0,2015314.0,99822531.0,25947148.0,817886.0,3605730.0,20.0,142.0,-323069.0,-0.604681349049819,2.0188969161681545,7.7669962032050694,22.682951
2023-03-09,2235167.0,954137.0,56356228.0,1477602.0,99921696.0,23231185.0,1179926.0,4098423.0,28.0,135.0,1281030.0,2.2730939338239597,1.4787599281741575,6.360424575844926,28.789755
2023-03-10,2681669.0,505486.0,58514716.0,1780977.0,94497054.0,27319764.0,985711.0,4107229.0,12.0,129.0,2176183.0,3.7190353961557294,1.8846905005102066,6.519005801075002,23.999416
2023-03-13,2480671.0,639407.0,55525633.0,1942929.0,91319247.0,28706483.0,735292.0,4790008.0,21.0,157.0,1841264.0,3.316061250485879,2.127622668636328,6.768258584654902,15.350538
2023-03-14,2719094.0,849044.0,52080154.0,1944189.0,93913140.0,25923098.0,774813.0,4826525.0,28.0,167.0,1870050.0,3.5907151887454094,2.0701991222953464,7.499832774616675,16.053226
2023-03-15,2070467.0,626020.0,52244702.0,1374999.0,92494127.0,21228337.0,1321424.0,3318766.0,28.0,132.0,1444447.0,2.7647722059932507,1.486579791168795,6.4771866020404705,39.816727
2023-03-16,2183734.0,602795.0,53377778.0,1942082.0,92006468.0,20484814.0,1275919.0,4338530.0,22.0,196.0,1580939.0,2.961792452282296,2.110810296510893,9.480593770585372,29.409016
2023-03-17,2622794.0,720184.0,55735193.0,1684191.0,86851803.0,28359922.0,709885.0,4126418.0,16.0,64.0,1902610.0,3.413660019083454,1.9391549073540824,5.938630578744187,17.203419
2023-03-20,2109751.0,990419.0,57726890.0,1007906.0,93045697.0,29614742.0,885378.0,4957233.0,24.0,180.0,1119332.0,1.939013170465272,1.083237626776013,3.403392810242953,17.860327
2023-03-21,2381050.0,642202.0,55897498.0,1323557.0,94566079.0,23690583.0,1027231.0,3272647.0,16.0,188.0,1738848.0,3.11077966316131,1.399610742029391,5.586848580298763,31.388384
2023-03-22,2930192.0,849652.0,58357956.0,1578316.0,85742533.0,21599908.0,1122381.0,3084761.0,17.0,79.0,2080540.0,3.5651351462686596,1.8407620404682936,7.30704964113736,36.384697
2023-03-23,2811774.0,737027.0,58204298.0,1793719.0,82627144.0,22164412.0,1160244.0,4478768.0,14.0,106.0,2074747.0,3.5645941473256837,2.170859251773243,8.092788565742236,25.905428
2023-03-24,2692517.0,618324.0,58776957.0,1295804.0,82825896.0,25309792.0,1274100.0,4961447.0,23.0,195.0,2074193.0,3.528922056989102,1.564491375982217,5.119773406276906,25.680008
2023-03-27,2461079.0,822710.0,59451337.0,1468974.0,84936792.0,22353847.0,1405860.0,3798022.0,13.0,177.0,1638369.0,2.7558152308668853,1.7294907959321093,6.571459489724521,37.015583
2023-03-28,2368452.0,697775.0,55843493.0,1846936.0,95315631.0,22892478.0,1172367.0,4565213.0,19.0,97.0,1670677.0,2.9917129288456223,1.937705264732497,8.06787277462929,25.680443
2023-03-29,2969587.0,789336.0,53386501.0,1715080.0,90427148.0,21984117.0,1020787.0,3666246.0,29.0,185.0,2180251.0,4.083899411201345,1.8966428090820693,7.801450474449349,27.84284
2023-03-30,2106081.0,763206.0,57395350.0,1627267.0,84876872.0,25949852.0,744900.0,3930370.0,24.0,71.0,1342875.0,2.339693023912216,1.9172089659477556,6.270814184219625,18.952414
2023-03-31,2983237.0,584076.0,54588334.0,1034701.0,99517172.0,20029725.0,1136162.0,3328768.0,27.0,55.0,2399161.0,4.395006815925175,1.0397210644209223,5.16582728919144,34.131607
2023-04-03,2613333.0,589780.0,58464685.0,1083300.0,99397196.0,29574182.0,1101067.0,3688152.0,29.0,153.0,2023553.0,3.4611543703690524,1.0898697786203144,3.662992268053263,29.854166
2023-04-04,2558986.0,652617.0,57168362.0,1765537.0,97498600.0,29184536.0,772692.0,3402980.0,22.0,85.0,1906369.0,3.3346573757002167,1.8108331811943965,6.049563371506061,22.706335
2023-04-05,2110078.0,521689.0,54327819.0,1673034.0,95099203.0,20888036.0,1160796.0,4038336.0,17.0,128.0,1588389.0,2.923712067292817,1.7592513367330742,8.009532346650495,28.744415
2023-04-06,2867055.0,773318.0,57284953.0,1083560.0,88908385.0,22971783.0,1100584.0,3781198.0,18.0,165.0,2093737.0,3.6549510654220145,1.2187376927384297,4.716917271941843,29.106754
2023-04-07,2022671.0,850605.0,51255564.0,1242615.0,96320131.0,22662761.0,1451496.0,4168932.0,25.0,106.0,1172066.0,2.2867097901800477,1.2900885693355215,5.483069781303346,34.816975
2023-04-10,2418400.0,2664954.0,58514493.0,3882756.0,95165029.0,26524559.0,746403.0,4265804.0,28.0,98.0,-246554.0,-0.42135544095033006,4.0800239760343056,14.638343280278477,17.497358
2023-04-11,2355528.0,865177.0,58930264.0,1043642.0,82887698.0,22513024.0,1315458.0,3042727.0,25.0,131.0,1490351.0,2.529007845612231,1.2591036126977493,4.635725524922818,43.232864
2023-04-12,2959611.0,509348.0,59059296.0,1517083.0,93565381.0,22398083.0,1495600.0,3340615.0,16.0,115.0,2450263.0,4.14881850267907,1.621414869245282,6.7732716232902614,44.7702
2023-04-13,2610490.0,916930.0,54424507.0,1491036.0,92619233.0,26536295.0,1012023.0,4580932.0,23.0,126.0,1693560.0,3.111759928298478,1.609855698114019,5.618855232051045,22.092077
2023-04-14,2051663.0,538102.0,52792427.0,1327304.0,99209809.0,23909439.0,759871.0,3641211.0,23.0,94.0,1513561.0,2.867004011768582,1.3378757739569884,5.55138077476431,20.868633
2023-04-17,2015708.0,574460.0,53357679.0,1804034.0,92417420.0,25627745.0,1182604.0,4449087.0,13.0,128.0,1441248.0,2.7011069953024007,1.9520497326153445,7.0393786109546514,26.580826
2023-04-18,2878338.0,864778.0,55748035.0,1365464.0,84031464.0,23911146.0,1191862.0,3434376.0,24.0,69.0,2013560.0,3.611894123263717,1.6249437234605362,5.71057531077766,34.703888
2023-04-19,,589930.0,54390020.0,,87357804.0,21707017.0,732174.0,3011390.0,12.0,172.0,,,,,24.31349
2023-04-20,,506801.0,52681719.0,,82887296.0,20689556.0,1455111.0,3631040.0,14.0,116.0,,,,,40.07422
2023-04-21,2318394.0,603150.0,50890695.0,1094377.0,92977495.0,27288538.0,923563.0,3937635.0,10.0,132.0,1715244.0,3.3704471907880214,1.1770342920079746,4.0103907362131315,23.454765
2023-04-24,2112547.0,703339.0,50838761.0,1815624.0,82736582.0,22253722.0,837653.0,4405474.0,12.0,52.0,1409208.0,2.7719164910411567,2.194463387428792,8.15874306329521,19.013912
2023-04-25,2989586.0,679208.0,57367664.0,1832974.0,81100500.0,21649729.0,810155.0,4386689.0,24.0,113.0,2310378.0,4.027317549482231,2.2601266330047287,8.466498587580473,18.468485
2023-04-26,2910681.0,654697.0,58888923.0,1913447.0,98353806.0,21116271.0,1033997.0,4718974.0,17.0,89.0,2255984.0,3.830914007376226,1.9454732641459753,9.061481546623455,21.91148
2023-04-27,2559042.0,713945.0,55352825.0,1828952.0,81961977.0,23099555.0,1011822.0,3969831.0,13.0,108.0,1845097.0,3.33333845201216,2.2314639872583846,7.91769365254006,25.487787
2023-04-28,2751102.0,731915.0,59688053.0,1326916.0,84032654.0,25683797.0,1201608.0,3749078.0,11.0,111.0,2019187.0,3.3828997571758626,1.5790480686234187,5.166354491900088,32.050762
2023-05-01,2762002.0,703664.0,58887324.0,1451978.0,80664468.0,21681641.0,827795.0,4387784.0,19.0,181.0,2058338.0,3.495383828275165,1.800021789023638,6.696808604108886,18.865902
2023-05-02,2142483.0,708124.0,53321127.0,1312250.0,86978140.0,20516409.0,788668.0,3021281.0,13.0,109.0,1434359.0,2.6900387908155055,1.508712419005511,6.396099824291864,26.103762
2023-05-03,2658271.0,937477.0,52559272.0,1605409.0,94521816.0,20666165.0,1437685.0,3054189.0,12.0,165.0,1720794.0,3.2740065349459178,1.698453402545715,7.768296633652155,47.072563
2023-05-04,2984774.0,501542.0,52276106.0,1025559.0,91748768.0,22788363.0,1369927.0,3262093.0,11.0,124.0,2483232.0,4.750223744668357,1.11779048629841,4.5003627509356425,41.99534
2023-05-05,2214835.0,783821.0,56960534.0,1892027.0,93611312.0,24476321.0,1173620.0,4359231.0,26.0,171.0,1431014.0,2.512290351772334,2.021152101788724,7.730030178963579,26.922638
2023-05-08,2401896.0,677804.0,57374592.0,1558030.0,83037099.0,23710388.0,1463429.0,4694979.0,29.0,156.0,1724092.0,3.00497474561562,1.8763059147815362,6.5710860573011285,31.170086
2023-05-09,2084896.0,681415.0,56575716.0,1856101.0,92384217.0,23235192.0,1320307.0,4581469.0,22.0,145.0,1403481.0,2.480712749618582,2.0091104955730694,7.988317892961676,28.81842
2023-05-10,2477095.0,539081.0,52002324.0,1997703.0,84828426.0,21935090.0,1253091.0,3362462.0,14.0,140.0,1938014.0,3.726783441447732,2.3549924172823857,9.10733897148359,37.267067
2023-05-11,2071295.0,693928.0,56262105.0,1677114.0,88100706.0,29133790.0,1373590.0,3394597.0,18.0,179.0,1377367.0,2.448125607813643,1.903632872136121,5.756593975586424,40.46401
2023-05-12,2743974.0,855249.0,56671318.0,1135044.0,98820039.0,23937270.0,1373222.0,3806242.0,15.0,111.0,1888725.0,3.3327705559980094,1.1485969966071354,4.741743732681296,36.07816
2023-05-15,2887121.0,719930.0,50494592.0,1857263.0,97825389.0,26739013.0,1136571.0,4297991.0,14.0,98.0,2167191.0,4.291926945364763,1.8985490566257806,6.945892131470971,26.444239
2023-05-16,2273255.0,781209.0,53578226.0,1112217.0,88379341.0,27089975.0,930147.0,3679682.0,19.0,186.0,1492046.0,2.7847991831607115,1.2584581276748827,4.105640555223842,25.277918
2023-05-17,2299648.0,714532.0,56149031.0,1566161.0,89890633.0,28805586.0,1255083.0,4090445.0,17.0,141.0,1585116.0,2.823051389791571,1.7422961077601935,5.437004475451394,30.683289
2023-05-18,2657162.0,588092.0,52427540.0,1892964.0,86579137.0,21033316.0,1207820.0,3557243.0,16.0,173.0,2069070.0,3.946532681106151,2.18639739964144,8.999836259769976,33.953823
2023-05-19,,2450511.0,51715630.0,,90980269.0,24819075.0,970914.0,4634252.0,16.0,110.0,,,,,20.950825
2023-05-22,2466872.0,789106.0,50318408.0,1403119.0,81912584.0,24742297.0,1235381.0,4814188.0,15.0,97.0,1677766.0,3.3342986526918734,1.7129468165721644,5.670932654312573,25.661255
2023-05-23,2825816.0,528295.0,58856884.0,1658380.0,94178388.0,23868452.0,1093409.0,3010207.0,29.0,185.0,2297521.0,3.903572265225594,1.7608923185221645,6.947999811634202,36.323383
2023-05-24,2374705.0,513807.0,58900019.0,1828187.0,97002265.0,28074037.0,1062455.0,3218401.0,12.0,107.0,1860898.0,3.1594183356715044,1.8846848576164692,6.512020341071717,33.01189
2023-05-25,2571542.0,935564.0,53117172.0,1872388.0,94846767.0,21312743.0,979713.0,3985132.0,28.0,150.0,1635978.0,3.0799418312405638,1.97411894914668,8.785298072613177,24.584204
2023-05-26,2808350.0,657504.0,59272985.0,1086988.0,94677441.0,27420105.0,1497622.0,3159292.0,24.0,161.0,2150846.0,3.6287121358912495,1.1480960918662768,3.9642007206026384,47.403725
2023-05-30,2610269.0,976501.0,56304680.0,1569936.0,91250117.0,20104195.0,1398112.0,4525842.0,13.0,111.0,1633768.0,2.9016557771041414,1.7204756022395018,7.808997077475621,30.891756
2023-05-31,2978217.0,738067.0,54235042.0,1125991.0,80747419.0,27008443.0,1387687.0,3496762.0,21.0,88.0,2240150.0,4.130447617243479,1.3944606700060593,4.16903336486298,39.684914
2023-06-01,2554594.0,985008.0,51898739.0,1402732.0,89468532.0,25276728.0,1004214.0,4253733.0,15.0,107.0,1569586.0,3.0243239628616028,1.5678495764298446,5.549499919451599,23.60783
2023-06-02,2147718.0,951070.0,59617944.0,1506079.0,85438684.0,24101036.0,1264485.0,4070607.0,28.0,148.0,1196648.0,2.0071943440384326,1.762760063111459,6.249021826281659,31.063795
2023-06-05,2308987.0,933478.0,51017433.0,1901437.0,82380932.0,29727094.0,1226549.0,3463937.0,13.0,93.0,1375509.0,2.6961548614176647,2.308103287785091,6.3963097099232105,35.409103
2023-06-06,2645263.0,668152.0,58104010.0,1526684.0,81654753.0,22165251.0,857584.0,3867239.0,24.0,78.0,1977111.0,3.402710071129342,1.8696817318154157,6.887736123538596,22.175615
2023-06-07,,894540.0,54661029.0,,93685039.0,29866460.0,1048939.0,3595600.0,18.0,108.0,,,,,29.17285
2023-06-08,2107512.0,853411.0,53678086.0,1936633.0,88793380.0,27303693.0,991077.0,3584054.0,14.0,120.0,1254101.0,2.336337029602732,2.1810556147316387,7.0929342781579034,27.652401
2023-06-09,,666981.0,51581530.0,,96673742.0,23214850.0,1359738.0,4192097.0,22.0,141.0,,,,,32.43575
2023-06-12,2470587.0,720411.0,52087258.0,1656951.0,90104107.0,27983439.0,1264871.0,3351977.0,27.0,58.0,1750176.0,3.360084725519627,1.8389294951893813,5.921184311906767,37.735073
2023-06-13,2373616.0,519870.0,54856447.0,1011303.0,80571107.0,28874883.0,1074226.0,3187771.0,14.0,176.0,1853746.0,3.3792673448209283,1.2551683074181914,3.502362243337921,33.698345
2023-06-14,2657409.0,927794.0,58369066.0,1161633.0,96064554.0,28687479.0,1384393.0,3237199.0,25.0,183.0,1729615.0,2.963239123956515,1.2092212492861831,4.0492683236474,42.76515
2023-06-15,2686976.0,703196.0,56857658.0,1333863.0,90905942.0,28268541.0,1117216.0,3998757.0,28.0,194.0,1983780.0,3.4890286898556386,1.467300124341707,4.718542071202048,27.939081
2023-06-16,2365871.0,748683.0,50996530.0,1249690.0,82086213.0,29546263.0,811032.0,4809595.0,23.0,193.0,1617188.0,3.171172626843434,1.5224115650212782,4.229604265013142,16.862791
2023-06-20,2375037.0,734677.0,59159861.0,1784108.0,99556715.0,22949281.0,906940.0,3760129.0,25.0,180.0,1640360.0,2.7727583741280255,1.7920518972527368,7.774134623215429,24.119917
2023-06-21,2807364.0,526790.0,52601623.0,1099616.0,90302330.0,27356061.0,1004748.0,3635329.0,24.0,70.0,2280574.0,4.3355582393341745,1.2177050138130434,4.019643032671992,27.638432
2023-06-22,2117796.0,618874.0,59766854.0,1910597.0,91199468.0,21294929.0,1161552.0,3640473.0,13.0,113.0,1498922.0,2.5079486365469394,2.0949650715067767,8.972074994943632,31.906622
2023-06-23,2291999.0,787433.0,56231219.0,1086231.0,88937492.0,22504594.0,926727.0,3177164.0,16.0,139.0,1504566.0,2.6756773670512106,1.2213420634798202,4.826707826855263,29.168371
2023-06-26,,948345.0,54108997.0,,81999254.0,21243294.0,773869.0,4505463.0,25.0,85.0,,,,,17.176237
2023-06-27,2990198.0,724786.0,53364695.0,1019623.0,85044842.0,23567675.0,1491842.0,4583214.0,17.0,111.0,2265412.0,4.245151218422592,1.1989239747191252,4.3263622737499565,32.550125
2023-06-28,2698376.0,987462.0,51045482.0,1723035.0,84156532.0,27711634.0,1411404.0,3751518.0,26.0,125.0,1710914.0,3.35174423468075,2.0474168303418208,6.217731513053327,37.62221
2023-06-29,2269544.0,515485.0,55786265.0,1490042.0,86592910.0,29285424.0,1418675.0,4935867.0,25.0,62.0,1754059.0,3.144248857671329,1.7207436497976565,5.087998725919078,28.742165
2023-06-30,2380002.0,806626.0,55908635.0,1458298.0,85561112.0,22414802.0,902416.0,3513313.0,19.0,60.0,1573376.0,2.8141914035282745,1.7043934632359616,6.505959767121744,25.685614
2023-07-03,2698002.0,586188.0,57487345.0,1476840.0,87909699.0,20443031.0,1311004.0,4042726.0,19.0,103.0,2111814.0,3.6735284957063157,1.6799511507825775,7.224173362550788,32.42871
2023-07-05,2539439.0,504748.0,59683910.0,1105228.0,91255948.0,29479276.0,1278533.0,4834434.0,11.0,65.0,2034691.0,3.409111433885615,1.2111298213679178,3.749169416508058,26.446384
2023-07-06,2968911.0,717841.0,50570451.0,1426346.0,80258517.0,26444345.0,1267344.0,4117063.0,18.0,57.0,2251070.0,4.451354408526038,1.7771895785216165,5.393765661429693,30.78272
2023-07-07,2590978.0,640507.0,58408424.0,1707116.0,89745741.0,22790373.0,1110925.0,3148694.0,26.0,153.0,1950471.0,3.3393659106433002,1.9021693742547627,7.49051364802147,35.28209
2023-07-10,2528787.0,765853.0,50967344.0,1884056.0,86428540.0,23916643.0,1475024.0,3123853.0,20.0,108.0,1762934.0,3.458948145306532,2.1799002968232486,7.877593857967441,47.218098
2023-07-11,2530583.0,623961.0,52412149.0,1681652.0,80705475.0,27061183.0,1020701.0,4363837.0,19.0,106.0,1906622.0,3.637748186970925,2.0836901090043765,6.214258999689703,23.38999
2023-07-12,2907317.0,530355.0,55398869.0,1898217.0,95560243.0,23287058.0,979687.0,3235062.0,26.0,89.0,2376962.0,4.29063272031781,1.9864087202038614,8.15138176750365,30.283407
2023-07-13,2388215.0,686843.0,53352252.0,1520547.0,91177498.0,25510493.0,1130634.0,4500186.0,13.0,179.0,1701372.0,3.1889413027963656,1.6676779176370906,5.960476734024701,25.124163
2023-07-14,,951015.0,53732839.0,,84338843.0,20290998.0,1449971.0,3233077.0,25.0,143.0,,,,,44.84802
2023-07-17,2798615.0,906332.0,59427504.0,1069274.0,80424226.0,24855920.0,1196507.0,3887516.0,29.0,187.0,1892283.0,3.184187240978521,1.3295421705395087,4.301888644636771,30.778187
2023-07-18,2422515.0,656542.0,57022336.0,1133541.0,92056199.0,21828022.0,1109940.0,4072358.0,24.0,93.0,1765973.0,3.096984662290931,1.2313575971130417,5.193054139307721,27.255463
2023-07-19,2668234.0,673416.0,55768927.0,1053947.0,95843433.0,26367712.0,965972.0,4558068.0,14.0,188.0,1994818.0,3.576934517675049,1.0996548923701428,3.9971120740396437,21.192575
2023-07-20,2378480.0,805062.0,52878604.0,1677894.0,84117923.0,21409854.0,816656.0,4863462.0,15.0,129.0,1573418.0,2.9755286277981163,1.9946926174104418,7.8370174780267075,16.79166
2023-07-21,2032711.0,814368.0,54327858.0,1194692.0,86303745.0,27997043.0,717087.0,4902912.0,26.0,130.0,1218343.0,2.2425750707859677,1.3842875532226324,4.2672077904798735,14.625737
2023-07-24,2791971.0,539298.0,57433533.0,1048874.0,80698956.0,20181360.0,993481.0,3654224.0,10.0,51.0,2252673.0,3.9222260626035315,1.2997367648721503,5.197241414850138,27.187195
2023-07-25,,2527089.0,58652831.0,,92290137.0,22444026.0,836554.0,4457384.0,28.0,189.0,,,,,18.767824
2023-07-26,2184423.0,561629.0,55984684.0,1074553.0,86278602.0,22515419.0,1185757.0,3153245.0,13.0,164.0,1622794.0,2.8986392063943773,1.2454455393238755,4.772520555802226,37.60434
2023-07-27,2978771.0,828184.0,52694287.0,1592632.0,86143326.0,25532410.0,882024.0,4999284.0,26.0,139.0,2150587.0,4.0812526792515476,1.8488164712841482,6.237687707505872,17.643005
2023-07-28,2516349.0,992734.0,56511634.0,1835570.0,80175211.0,24138286.0,836535.0,4170834.0,18.0,72.0,1523615.0,2.696108557045086,2.28944829343823,7.604392457691486,20.05678
2023-07-31,,730907.0,54621056.0,,87519817.0,29679818.0,1467524.0,4684532.0,11.0,195.0,,,,,31.327015
2023-08-01,2912495.0,790160.0,58976973.0,1571926.0,92481574.0,28333100.0,1294736.0,3454418.0,17.0,111.0,2122335.0,3.5985824501369374,1.6997180432936836,5.548019807221942,37.480583
2023-08-02,2657917.0,523960.0,50703662.0,1078249.0,87412620.0,26893728.0,1228936.0,4531192.0,24.0,162.0,2133957.0,4.208684177486036,1.2335163961450875,4.009295401515178,27.121693
2023-08-03,2824792.0,795735.0,51305585.0,1892297.0,98660592.0,23584197.0,1092720.0,4434904.0,16.0,177.0,2029057.0,3.9548462413984757,1.9179866668547862,8.023580366123976,24.639091
2023-08-04,2737378.0,713920.0,54092097.0,1527007.0,95848375.0,20311955.0,995767.0,4555157.0,15.0,111.0,2023458.0,3.740764570469509,1.593148553640059,7.51777463075317,21.860212
2023-08-07,,865477.0,52659440.0,,88544291.0,22127599.0,1152372.0,4472542.0,10.0,87.0,,,,,25.765482
2023-08-08,2767836.0,742804.0,59988209.0,1470452.0,91392083.0,24933594.0,735634.0,3278710.0,24.0,110.0,2025032.0,3.375716717930352,1.6089489939735808,5.8974731039576564,22.436691
2023-08-09,2986001.0,876965.0,53943645.0,1429725.0,84730741.0,29953678.0,1076742.0,3662550.0,16.0,178.0,2109036.0,3.9097024311204778,1.6873745976091488,4.773120015511951,29.398697
2023-08-10,2702335.0,960857.0,54495013.0,1042534.0,85605126.0,24835451.0,1011478.0,4006111.0,26.0,198.0,1741478.0,3.1956648950611317,1.2178406232355758,4.197765524773438,25.248375
2023-08-11,2807789.0,2395617.0,56094467.0,2991036.0,93952821.0,24382794.0,1246342.0,3562621.0,11.0,171.0,412172.0,0.7347819170828381,3.183551029297992,12.266994504403392,34.98385
2023-08-14,2643409.0,629695.0,59623424.0,1616529.0,94394752.0,27323494.0,1294316.0,4432649.0,18.0,159.0,2013714.0,3.3773873838577266,1.7125199926368788,5.9162601971768325,29.199606
2023-08-15,2077505.0,915916.0,55517366.0,1412003.0,98683255.0,26699144.0,1246495.0,4784841.0,18.0,62.0,1161589.0,2.0922984710765995,1.4308435610479204,5.288570300231348,26.050919
2023-08-16,2002869.0,796764.0,53448678.0,1126209.0,93149868.0,24698713.0,1173866.0,3613859.0,22.0,149.0,1206105.0,2.256566570271392,1.2090290884792236,4.559788196251359,32.48234
2023-08-17,2781474.0,734286.0,59515807.0,1442061.0,81455465.0,27867791.0,1455181.0,4168839.0,15.0,184.0,2047188.0,3.4397382866706323,1.7703674026046012,5.174651266761689,34.906147
2023-08-18,2454351.0,628148.0,55211593.0,1189004.0,92581422.0,23790328.0,1305842.0,4967669.0,15.0,71.0,1826203.0,3.3076441029332373,1.2842792585320195,4.99784618354148,26.286816
2023-08-21,2312252.0,782703.0,58370262.0,1616412.0,91098252.0,25289730.0,1376746.0,4598099.0,29.0,123.0,1529549.0,2.620425106195343,1.774361158982502,6.391574761770885,29.941633
2023-08-22,2636584.0,986261.0,54846769.0,1615947.0,80211830.0,24437610.0,1307564.0,3000159.0,29.0,181.0,1650323.0,3.0089703187438444,2.0145993427652753,6.612541079098978,43.583157
2023-08-23,2618467.0,855540.0,57449607.0,1164134.0,85987029.0,23239536.0,1014925.0,4716081.0,12.0,72.0,1762927.0,3.068649364302875,1.3538483810156994,5.0092824572745345,21.520515
2023-08-24,2090272.0,692714.0,54043064.0,1075713.0,86516616.0,22326133.0,1408140.0,3998413.0,26.0,168.0,1397558.0,2.586008076818146,1.2433600038170702,4.818178768351868,35.217472
2023-08-25,2038467.0,707611.0,52602967.0,1742623.0,84755976.0,27948140.0,892512.0,4211569.0,26.0,119.0,1330856.0,2.5300017772761754,2.056047351752518,6.235202056380138,21.191912
2023-08-28,2809760.0,783876.0,53438550.0,1488972.0,86897673.0,25720626.0,1232498.0,3367003.0,21.0,133.0,2025884.0,3.7910534623413246,1.7134774138313231,5.789019287477684,36.605194
2023-08-29,2877844.0,759747.0,50076218.0,1977965.0,92448727.0,26221714.0,1268651.0,4195885.0,25.0,150.0,2118097.0,4.229746343863269,2.1395264858541534,7.543233062491643,30.2356
2023-08-30,2480047.0,591362.0,56878974.0,1075418.0,86002296.0,26374825.0,1466535.0,4156083.0,24.0,133.0,1888685.0,3.320532821144066,1.250452662333573,4.077441272122185,35.286472
2023-08-31,2659347.0,923570.0,50770044.0,1984176.0,96852604.0,25005858.0,1302567.0,4974324.0,22.0,77.0,1735777.0,3.4188999324089613,2.048655294802399,7.934844707188211,26.18581
2023-09-01,2058871.0,775987.0,55579079.0,1128232.0,86810183.0,27028722.0,891420.0,4063319.0,10.0,185.0,1282884.0,2.308213851474581,1.2996539818375916,4.174196619433209,21.938225
2023-09-05,2939903.0,614065.0,53185714.0,1952336.0,98552983.0,28221252.0,1410644.0,4801038.0,26.0,50.0,2325838.0,4.37305025180258,1.9810014274250836,6.917963809684985,29.382061
2023-09-06,2128391.0,833870.0,51728096.0,1520551.0,87983823.0,28975708.0,1200844.0,4094677.0,12.0,112.0,1294521.0,2.502549098269536,1.728216560901201,5.247675052495698,29.326954
2023-09-07,2439430.0,517640.0,58736347.0,1163038.0,88373296.0,23415871.0,903196.0,4291293.0,24.0,71.0,1921790.0,3.2718922748123913,1.3160514008666147,4.966879088119336,21.047176
2023-09-08,2610704.0,552528.0,58860935.0,1990049.0,90718361.0,21877971.0,899919.0,3645822.0,13.0,119.0,2058176.0,3.4966756814175652,2.193656254437842,9.096131446558733,24.683569
2023-09-11,2856703.0,800557.0,57667105.0,1930491.0,85877809.0,27997488.0,1115648.0,4394947.0,13.0,174.0,2056146.0,3.56554399600951,2.247950922921194,6.8952293148585335,25.38479
2023-09-12,2830496.0,759214.0,52694946.0,1168383.0,89886226.0,26814612.0,957324.0,4279180.0,27.0,198.0,2071282.0,3.9307033353824865,1.2998465415602163,4.357262376199961,22.37167
2023-09-13,,814782.0,54229215.0,,88002619.0,24963401.0,1419449.0,4236026.0,26.0,145.0,,,,,33.508976
2023-09-14,2725451.0,945952.0,51922135.0,1325996.0,94978249.0,22866757.0,1454651.0,4906134.0,28.0,128.0,1779499.0,3.4272454320300967,1.3961049123994695,5.798793418760693,29.64964
2023-09-15,2107450.0,610133.0,57021855.0,1258722.0,87667857.0,29725529.0,1358681.0,4891079.0,20.0,54.0,1497317.0,2.6258651178570043,1.4357850677244226,4.234481411583961,27.778757
2023-09-18,,868501.0,50978039.0,,84428690.0,25913318.0,1130599.0,4775057.0,29.0,109.0,,,,,23.677183
2023-09-19,2438741.0,699938.0,59288493.0,1202053.0,85439433.0,26741286.0,1075960.0,3336907.0,12.0,169.0,1738803.0,2.9327832636933446,1.4069065743917097,4.4951203917418185,32.244232
2023-09-20,2281974.0,650159.0,58997354.0,1600530.0,88889782.0,21577969.0,1434042.0,3487030.0,17.0,95.0,1631815.0,2.7659121797225006,1.8005781586909506,7.417426542785376,41.125027
2023-09-21,2934933.0,672502.0,57352207.0,1178589.0,82881777.0,23651387.0,1347341.0,4808286.0,23.0,183.0,2262431.0,3.9448019846908418,1.4220122235072252,4.983170754425522,28.02123
2023-09-22,2400109.0,655576.0,50499876.0,1503238.0,99526212.0,21711672.0,1172406.0,3405453.0,10.0,105.0,1744533.0,3.4545292744877236,1.5103940658366461,6.92363996655808,34.427315
2023-09-25,2116381.0,900330.0,51962165.0,1029257.0,96972462.0,25905950.0,883965.0,3671009.0,23.0,159.0,1216051.0,2.3402623812922343,1.0613910163485383,3.9730525226830125,24.079618
2023-09-26,2473125.0,841003.0,57985620.0,1480488.0,83696176.0,23212883.0,866892.0,3168785.0,11.0,153.0,1632122.0,2.814701300080951,1.7688836823321537,6.377872149702387,27.357235
2023-09-27,,861801.0,50611213.0,,90732002.0,23028631.0,834832.0,3204535.0,13.0,126.0,,,,,26.05158
2023-09-28,2134508.0,904191.0,50768734.0,1144353.0,88899691.0,27232212.0,853262.0,3700769.0,28.0,195.0,1230317.0,2.4233753790275725,1.2872406946836294,4.202203625618074,23.056343
2023-09-29,2729650.0,511023.0,57750575.0,1323390.0,94697697.0,26423959.0,767411.0,3179838.0,15.0,51.0,2218627.0,3.8417401038864116,1.397489106836463,5.008295691043117,24.133652
2023-10-02,2862645.0,521447.0,54241361.0,1263579.0,97789600.0,26984297.0,985521.0,3570442.0,10.0,57.0,2341198.0,4.316259689722756,1.2921404730155355,4.682645614225192,27.602213
2023-10-03,2399111.0,983685.0,55511174.0,1229947.0,97644180.0,24024733.0,1139953.0,3269160.0,26.0,124.0,1415426.0,2.5498037566274494,1.25962141317588,5.119503305198022,34.869907
2023-10-04,2150810.0,888043.0,51839433.0,1231758.0,88437712.0,24859221.0,738211.0,3472779.0,17.0,174.0,1262767.0,2.435919775588595,1.392797226594917,4.954934026291491,21.257069
2023-10-05,2292890.0,786103.0,56569632.0,1615645.0,80863663.0,29802630.0,913981.0,3441904.0,28.0,87.0,1506787.0,2.663596963119718,1.9979864132546161,5.421149073085161,26.55452
2023-10-06,2573665.0,566203.0,53672214.0,1157732.0,85783182.0,23801250.0,965888.0,3876110.0,10.0,76.0,2007462.0,3.7402258084602216,1.3496025363106723,4.8641646972322885,24.919003
2023-10-10,2965908.0,881300.0,52026580.0,1922588.0,95821218.0,29340854.0,1480926.0,3898488.0,14.0,69.0,2084608.0,4.006813440360677,2.006432437542174,6.55259727613927,37.987186
2023-10-11,2840477.0,1982325.0,57229039.0,3999402.0,93147590.0,20019675.0,987139.0,3578526.0,25.0,189.0,858152.0,1.4995044735942535,4.293618331939667,19.977357274780935,27.585072
2023-10-12,2360032.0,509337.0,57507324.0,1931011.0,81206861.0,28462605.0,1372337.0,3320752.0,15.0,92.0,1850695.0,3.2181900865357607,2.377891444418717,6.784379012391874,41.32609
2023-10-13,2957294.0,546427.0,56202258.0,1727955.0,83119612.0,29356169.0,1453298.0,4661945.0,17.0,80.0,2410867.0,4.289626584042228,2.0788776059253022,5.8861733627436195,31.173641
2023-10-16,2369599.0,823673.0,54339235.0,1608095.0,96179640.0,20486799.0,1258830.0,4296220.0,22.0,140.0,1545926.0,2.8449535588787733,1.6719702839395116,7.849420497560404,29.300875
2023-10-17,,864167.0,59880860.0,,99668221.0,26810805.0,710651.0,4997977.0,25.0,110.0,,,,,14.218773
2023-10-18,2750020.0,846809.0,53526737.0,1902385.0,84936600.0,22238057.0,799239.0,3837393.0,12.0,158.0,1903211.0,3.555626788907383,2.239770605369181,8.554636765253369,20.827656
2023-10-19,2879611.0,605787.0,58790529.0,1138563.0,94648065.0,24464344.0,1450704.0,4248351.0,28.0,140.0,2273824.0,3.8676705902748383,1.2029437685810058,4.653969057989047,34.14746
2023-10-20,2171836.0,662993.0,52008960.0,1783066.0,84736319.0,20566088.0,1137625.0,3962261.0,21.0,144.0,1508843.0,2.9011212683353023,2.1042523690461468,8.669932755320312,28.71151
2023-10-23,2729903.0,795451.0,54455214.0,1506047.0,95578914.0,26558947.0,855378.0,4861925.0,25.0,192.0,1934452.0,3.5523724137784125,1.5757105170707422,5.670582497114815,17.593401
2023-10-24,2045714.0,920571.0,58476563.0,1705552.0,94160134.0,20658003.0,850158.0,3940240.0,20.0,193.0,1125143.0,1.9240922213571272,1.8113313220221205,8.25613201818201,21.5763
2023-10-25,2974339.0,996484.0,56918889.0,1997899.0,97034897.0,20805113.0,1107592.0,3814422.0,19.0,62.0,1977855.0,3.4748657866459762,2.058948957301413,9.602923089146403,29.036955
2023-10-26,2627234.0,627016.0,53816446.0,1910229.0,82054780.0,29322004.0,1023494.0,4111127.0,29.0,162.0,2000218.0,3.716741161242792,2.327992348526192,6.514660457723148,24.895704
2023-10-27,2896048.0,766979.0,53376513.0,1326032.0,80842186.0,25028035.0,1033569.0,3734983.0,13.0,84.0,2129069.0,3.9887749879802,1.6402723201967844,5.298186613531586,27.672657
2023-10-30,2630271.0,520159.0,51937878.0,1597897.0,94578363.0,24034464.0,1196574.0,4726376.0,21.0,198.0,2110112.0,4.062761285703663,1.6894953024297956,6.648357125833969,25.316944
2023-10-31,2466960.0,997562.0,56193956.0,1795509.0,90939922.0,29992154.0,1129852.0,3166277.0,11.0,97.0,1469398.0,2.6148684032852216,1.9743903013244282,5.9865956943272565,35.683926
2023-11-01,2711851.0,678677.0,51705215.0,1772800.0,87116355.0,22092101.0,1144865.0,4038660.0,28.0,84.0,2033174.0,3.9322416510597624,2.034979539720182,8.024587611653596,28.347645
2023-11-02,2124123.0,883934.0,55437149.0,1253973.0,85538917.0,25995134.0,1127826.0,3080811.0,14.0,135.0,1240189.0,2.237108188951059,1.465967823745068,4.823875883848108,36.60809
2023-11-03,2936093.0,867760.0,57271476.0,1283097.0,81124905.0,29844689.0,1365418.0,3779128.0,17.0,163.0,2068333.0,3.611453981035865,1.581631436116936,4.299247346822746,36.130505
2023-11-06,2305628.0,931304.0,56429611.0,1994423.0,83105958.0,28503967.0,955948.0,3841535.0,16.0,149.0,1374324.0,2.435466018009587,2.3998556156467146,6.997001505088747,24.884533
2023-11-07,2082989.0,840896.0,53266402.0,1376826.0,85559277.0,26208714.0,1221481.0,4512604.0,23.0,148.0,1242093.0,2.3318507602597225,1.6092071465260278,5.253313840579893,27.068207
2023-11-08,2298356.0,817428.0,58121849.0,1514257.0,95315296.0,26762126.0,1171249.0,3959131.0,12.0,52.0,1480928.0,2.547971245718628,1.588682051619501,5.658208918080724,29.583487
2023-11-09,2829957.0,819187.0,58104789.0,1854321.0,88593059.0,26342057.0,764200.0,4416842.0,27.0,134.0,2010770.0,3.4605925511578746,2.093077066003557,7.039393316930413,17.301954
2023-11-13,2178274.0,666619.0,54108880.0,1679181.0,98757506.0,23541483.0,805848.0,3234104.0,25.0,174.0,1511655.0,2.793728127434905,1.700307215129552,7.132859896719336,24.917196
2023-11-14,2687995.0,859151.0,55499593.0,1430783.0,91812936.0,21512760.0,806022.0,4591872.0,28.0,187.0,1828844.0,3.295238579497331,1.558367548555467,6.65085744460497,17.553232
2023-11-15,2325352.0,582844.0,54261946.0,1115374.0,93138567.0,29851044.0,1401979.0,3202346.0,28.0,132.0,1742508.0,3.2112891786077853,1.1975425819037993,3.736465632491782,43.779747
2023-11-16,,527532.0,50090093.0,,80403322.0,23557689.0,1112755.0,4605266.0,27.0,74.0,,,,,24.162664
2023-11-17,,665421.0,59944790.0,,94748072.0,21863236.0,1480741.0,3184456.0,29.0,117.0,,,,,46.499027
2023-11-20,2789852.0,622402.0,51732465.0,1601763.0,94752304.0,27863426.0,762068.0,4832858.0,25.0,110.0,2167450.0,4.18972882888917,1.6904739329610392,5.748621867246332,15.768475
2023-11-21,2883184.0,618012.0,53173584.0,1484090.0,96055099.0,29988400.0,1170529.0,4447585.0,17.0,78.0,2265172.0,4.259957350251208,1.5450403106658608,4.94888023369036,26.318306
2023-11-22,2131373.0,938661.0,52859244.0,1873698.0,94952964.0,20450930.0,861445.0,4544619.0,10.0,176.0,1192712.0,2.2563924675123994,1.9732906915891535,9.161920753726115,18.955275
2023-11-24,2438452.0,898929.0,50886040.0,1676787.0,84077716.0,27402324.0,1388514.0,3136643.0,26.0,68.0,1539523.0,3.025432908514791,1.9943298650025174,6.11914157353953,44.267517
2023-11-27,2115294.0,556178.0,50322918.0,1887164.0,90479153.0,27946232.0,837103.0,4538659.0,21.0,123.0,1559116.0,3.098222563325918,2.0857445471444676,6.752838808466201,18.44384
2023-11-28,2459451.0,549407.0,52245909.0,1289227.0,81908802.0,23498408.0,924605.0,4982289.0,20.0,110.0,1910044.0,3.6558728454700637,1.5739785816913794,5.486444017824526,18.557837
2023-11-29,2971744.0,963556.0,50116739.0,1742406.0,87334901.0,25403252.0,903047.0,4162126.0,14.0,69.0,2008188.0,4.007020488703385,1.9950855614984897,6.8589879752403355,21.696772
2023-11-30,,550990.0,59675193.0,,98325291.0,20091006.0,949768.0,3484146.0,21.0,97.0,,,,,27.259708
2023-12-01,2065726.0,968888.0,59168924.0,1648074.0,97271164.0,24151785.0,1384029.0,3960652.0,26.0,136.0,1096838.0,1.8537399801287582,1.694308911529012,6.823818612164691,34.944473
2023-12-04,2141564.0,629473.0,59755461.0,1961568.0,96035897.0,20688725.0,794475.0,3091218.0,15.0,188.0,1512091.0,2.5304649561652615,2.0425362403810317,9.48133826516617,25.701035
2023-12-05,2377812.0,958761.0,51014929.0,1532101.0,92132693.0,29177376.0,1210370.0,4181872.0,10.0,159.0,1419051.0,2.7816386846289642,1.6629287065341725,5.2509896709011805,28.943258
2023-12-06,2268246.0,978007.0,59955455.0,1031598.0,88383190.0,20206487.0,1226570.0,4548485.0,14.0,77.0,1290239.0,2.1519960110385283,1.1671880139198416,5.1052812891226464,26.966562
2023-12-07,,2460855.0,52420564.0,,94931115.0,26389308.0,1389984.0,4567343.0,23.0,108.0,,,,,30.433098
2023-12-08,,917009.0,59868643.0,,95329893.0,23637820.0,1403798.0,4228343.0,14.0,182.0,,,,,33.19972
2023-12-11,2740674.0,818714.0,58577064.0,1617394.0,93296848.0,23284321.0,920972.0,3907211.0,10.0,100.0,1921960.0,3.2810794340938627,1.7335998317971044,6.9462794298360695,23.571085
2023-12-12,2254079.0,726156.0,52653093.0,1289226.0,94143266.0,27018523.0,862777.0,4440434.0,27.0,198.0,1527923.0,2.9018675123225908,1.3694298644791014,4.771637590996369,19.430014
2023-12-13,2550929.0,668964.0,53303457.0,1815673.0,97557857.0,20678841.0,1392797.0,4813924.0,25.0,61.0,1881965.0,3.530662185756545,1.8611243172346434,8.78034218648908,28.932676
2023-12-14,2689944.0,501015.0,55888997.0,1227286.0,84466134.0,25420712.0,908944.0,4288592.0,18.0,99.0,2188929.0,3.916565187240702,1.4529917990564123,4.82789781812563,21.194462
2023-12-15,2688105.0,561813.0,56944121.0,1437785.0,98331421.0,23452501.0,1343294.0,3032441.0,28.0,181.0,2126292.0,3.7339974042272073,1.4621826730237124,6.130625471458247,44.297447
2023-12-18,2513758.0,1583136.0,56238795.0,2023490.0,90093205.0,28433840.0,936440.0,4286614.0,14.0,162.0,930622.0,1.6547687410443273,2.245996243556881,7.1164851458684435,21.84568
2023-12-19,2940597.0,600497.0,54767348.0,1812461.0,92154297.0,22445840.0,1428342.0,3694489.0,11.0,63.0,2340100.0,4.272801377930515,1.9667677569066584,8.07481920926105,38.661423
2023-12-20,2983609.0,901631.0,50716756.0,1144097.0,99328547.0,25451973.0,1012727.0,3755612.0,24.0,81.0,2081978.0,4.105108773124211,1.1518310038301478,4.495121065860002,26.965698
2023-12-21,2365890.0,742926.0,58439834.0,1232732.0,83127748.0,21379904.0,707461.0,4897376.0,16.0,188.0,1622964.0,2.7771536791155156,1.4829368407766803,5.765844411649369,14.445716
2023-12-22,2445101.0,612816.0,56790968.0,1909827.0,94722892.0,27353172.0,1324411.0,4664986.0,13.0,195.0,1832285.0,3.226366911020076,2.0162253914291384,6.982104305855278,28.390461
2023-12-26,2036631.0,628778.0,53751198.0,1669648.0,89223644.0,21437188.0,1496948.0,3044760.0,10.0,104.0,1407853.0,2.6192030175773944,1.871306668443176,7.788558835235293,49.16473
2023-12-27,2766577.0,562292.0,57369434.0,1613474.0,90758430.0,21656321.0,1172501.0,4047159.0,22.0,169.0,2204285.0,3.8422638089823233,1.7777676409783645,7.4503605667832495,28.970966
2023-12-28,2072991.0,785977.0,53138145.0,1924044.0,99661007.0,20538645.0,848586.0,3285622.0,29.0,124.0,1287014.0,2.422015296168129,1.9305885600774633,9.367920814639914,25.827255
2023-12-29,2004014.0,1905690.0,51226476.0,3768400.0,93863529.0,29960559.0,1083395.0,4962889.0,16.0,70.0,98324.0,0.19193980862552404,4.0147648827480165,12.577869458310174,21.829926
